name,city,type
Variety Silks,Glasgow,bar
Dave & Louise's funk parlour,Glasgow,bar
Pollokshields Church Of Scotland,Glasgow,bar
Ocean Hair And Beauty,Glasgow,bar
Herriet Street,Glasgow,bar
Jew Den,Glasgow,bar
Byker Grove 2,Glasgow,bar
Big Bob's,Glasgow,bar
Phil's Place,Glasgow,bar
Maxwell Rd,Glasgow,bar
Will N James,Glasgow,bar
Barrland Street,Glasgow,bar
Psychos House,Glasgow,bar
Naim Penthouse,Glasgow,bar
Skynet central,Glasgow,bar
Eglinton Toll,Glasgow,bar
Superasia,Glasgow,bar
Davincis,Glasgow,bar
Dollar East,Glasgow,bar
Home,Glasgow,bar
The New Plaza,Glasgow,bar
The Star Bar,Glasgow,bar
66 Bus Southbound,Glasgow,bar
Eat Cafe,Glasgow,bar
Bus Stop 60902523,Glasgow,bar
Cosmo Ceramics,Glasgow,bar
Bagel Mania,Glasgow,bar
Nanas,Glasgow,bar
Careshare Nursery,Glasgow,bar
Pedro's Leal House,Glasgow,bar
Cafe Serena,Glasgow,bar
amore restaurant,Glasgow,bar
Youdaf & Co Accountants,Glasgow,bar
7e9a's House ,Glasgow,bar
Nationwide Crash Repair Centre,Glasgow,bar
Allsops,Glasgow,bar
United cash and carry,Glasgow,bar
Shields Road Dental Practice,Glasgow,bar
Bus Stop 60902627,Glasgow,bar
The Saw Centre,Glasgow,bar
Shell,Glasgow,bar
Starbar,Glasgow,bar
Eglinton St Bus Stop,Glasgow,bar
DJ's,Glasgow,bar
Cathcart Circle Train,Glasgow,bar
Mellys Magnificent Majestry,Glasgow,bar
Lyle Hill,Glasgow,bar
Tam O Shanters,Glasgow,bar
Beswicks Apple,Glasgow,bar
Baguete Express,Glasgow,bar
The Scottsman Pub,Glasgow,bar
Antartex Village,Glasgow,bar
Bailikins,Glasgow,bar
Glendale Primary,Glasgow,bar
Block G James Blyth Court,Glasgow,bar
Pollockshields,Glasgow,bar
Multicultural Centre,Glasgow,bar
Kingston Bowling Club,Glasgow,bar
Sugar rush,Glasgow,bar
Red Pepper,Glasgow,bar
Splash,Glasgow,bar
SPLASH Car Wash,Glasgow,bar
sugar rush,Glasgow,bar
Aqua Star,Glasgow,bar
Best Fit Tyres,Glasgow,bar
Cat Factory,Glasgow,bar
Shirt express,Glasgow,bar
Eglinton Medical Centre,Glasgow,bar
Kashmir Continental Store,Glasgow,bar
Kashmir Continental Store,Glasgow,bar
Soapbox Digital Media,Glasgow,bar
HiltonGrosvenor suite,Glasgow,bar
teamtrackr HQ,Glasgow,bar
Caledonia House,Glasgow,bar
Caledonia House Cafe,Glasgow,bar
Entrepreneurial Spark,Glasgow,bar
Gorbals,Glasgow,bar
Dunky's Place,Glasgow,bar
St Alberts Primary,Glasgow,bar
Maxwell Lane,Glasgow,bar
StAndrews Cresent,Glasgow,bar
Manhattan,Glasgow,bar
Mlaga Tapas,Glasgow,bar
Malaga,Glasgow,bar
Khyber Afganistani Restaurant,Glasgow,bar
Mimmo's,Glasgow,bar
St Andrews Rd,Glasgow,bar
Carpet Right,Glasgow,bar
kilbirnie st rrap,Glasgow,bar
Sher Brothers Cash & Carry,Glasgow,bar
Seventh-day Adventist Church Turriff Str Glasgow,bar
Jobcentre Plus,Glasgow,bar
Laurieston Jc+,Glasgow,bar
invensys rail,Glasgow,bar
23 bus,Glasgow,bar
James F Kidd,Glasgow,bar
Nicola and Gav's pad,Glasgow,bar
Scots House,Glasgow,bar
The Pit Stop,Glasgow,bar
Home Ryan M,Glasgow,bar
EE,Glasgow,bar
Glasgow,bar National Hockey Centre,Glasgow,bar
Glasgow,bar Green Football Centre,Glasgow,bar
Social Climbers Ltd,Glasgow,bar
Shields Train Depot,Glasgow,bar
Alstom,Glasgow,bar
St Andrews Drive Park,Glasgow,bar
27 St Andrews Cres,Glasgow,bar
Diarmid's Flat,Glasgow,bar
Arnold Clark Van Centre,Glasgow,bar
Scotland Gas Networks,Glasgow,bar
Tsmith Snack Bar,Glasgow,bar
Griphouse Southside,Glasgow,bar
Aynams Grill Station,Glasgow,bar
Melbra's place,Glasgow,bar
Ross Electrical,Glasgow,bar
New Turban Tandoori,Glasgow,bar
Johnny's Pad,Glasgow,bar
New Gorbals Park Southside,Glasgow,bar
Dickie Heights,Glasgow,bar
My House,Glasgow,bar
Waterside Team,Glasgow,bar
New Gorbals,Glasgow,bar
Home sweet home,Glasgow,bar
Tbones Crib,Glasgow,bar
MSc On Tour Glasgow,bar Mansion,Glasgow,bar
St Francis Centre,Glasgow,bar
Provan Towers,Glasgow,bar
Greggs,Glasgow,bar
Flat 3/1 16 St Valentine's Terrace,Glasgow,bar
Francis RC Primary School,Glasgow,bar
Mortgage Advisor Glasgow,bar
Bonnie Prince Charlie's Gate,Glasgow,bar
City of Glasgow,bar college Hall of residence,Glasgow,bar
Lynseys house!,Glasgow,bar
Dassie Green on Glasgow,bar Green,Glasgow,bar
Mr Snugglies,Glasgow,bar
Trespass,Glasgow,bar
Sher Bros,Glasgow,bar
Anaya Glasgow,bar
Mammy's,Glasgow,bar
Pole Position,Glasgow,bar
Soap Kitchen,Glasgow,bar
Gorbals Sounds,Glasgow,bar
Whiteinch centre,Glasgow,bar
19 Malta Terrace,Glasgow,bar
Home sweet home,Glasgow,bar
Cumberland Street,Glasgow,bar
Home,Glasgow,bar
Abode of the bearded,Glasgow,bar
Gorbals Rose Garden,Glasgow,bar
Grazia's Place,Glasgow,bar
Reubanz,Glasgow,bar
Tony's Southside Palace,Glasgow,bar
The Gorbals Barbershop,Glasgow,bar
Claire & Brian's,Glasgow,bar
head office,Glasgow,bar
Hot Spot,Glasgow,bar
King's Bridge,Glasgow,bar
New gaff,Glasgow,bar
Crimson Star,Glasgow,bar
James street,Glasgow,bar
PTS,Glasgow,bar
BSS,Glasgow,bar
Smurfit Kappa,Glasgow,bar
FTDI Chip,Glasgow,bar
Foster wheeler,Glasgow,bar
Key Portfolio,Glasgow,bar
Baxter House,Glasgow,bar
Hyundai,Glasgow,bar
Murray Chrysler,Glasgow,bar
June Brides,Glasgow,bar
Commonwealth House,Glasgow,bar
G5 9DE,Glasgow,bar
Hannah Autosound,Glasgow,bar
Brazen Heid,Glasgow,bar
Sizzlers,Glasgow,bar
Momma's House,Glasgow,bar
The Co-operative Food,Glasgow,bar
Boots,Glasgow,bar
Ann's Fry,Glasgow,bar
Lauren's Place,Glasgow,bar
The flat,Glasgow,bar
G's Fish and Chips,Glasgow,bar
Gorbals Health Centre,Glasgow,bar
G5 Deli,Glasgow,bar
Gorbals Social Work,Glasgow,bar
Southbank Child Development Centre,Glasgow,bar
KrisTuC Humpy,Glasgow,bar
New Gorbals Residence,Glasgow,bar
Nisa extra,Glasgow,bar
Bell's Taxi Insurance,Glasgow,bar
St Andrew's Suspension Bridge,Glasgow,bar
University Of Glasgow,bar Boat House,Glasgow,bar
Joanne's Apartment,Glasgow,bar
Embody Integrated Health Clinic,Glasgow,bar
My house,Glasgow,bar
McPhail St 36,Glasgow,bar
Poppyscotland,Glasgow,bar
M80 junction 22,Glasgow,bar
Headhunter Studios,Glasgow,bar
Grahams,Glasgow,bar
WSP Glasgow,bar Office,Glasgow,bar
Arnold Clark - Hyundai/Chrysler/Jeep,Glasgow,bar
Capi Leroy & McHamster's Drinking Den,Glasgow,bar
Scotland Street School Museum,Glasgow,bar
Richmonds Plumbing & Heating Merchants,Glasgow,bar
J Thomson Colour Print,Glasgow,bar
Bubbles,Glasgow,bar
West Street Subway Station,Glasgow,bar
Duncan Yacht Chandlers,Glasgow,bar
First Bus - 38,Glasgow,bar
The Unit,Glasgow,bar
The barn,Glasgow,bar
Gorbals MOT,Glasgow,bar
Bus Stop 60902508,Glasgow,bar
Number 20 Bus,Glasgow,bar
First Glasgow,bar - Larkfield depot,Glasgow,bar
Gorbals Library and Real Learning Centre,Glasgow,bar
Gorbals Post office,Glasgow,bar
Gorbals Convienence Store,Glasgow,bar
Smelly boys' flat,Glasgow,bar
Gorbals Recycles - Bicycle Worksop,Glasgow,bar
Tatee's place,Glasgow,bar
,Glasgow,bar
Glasgow,bar Green Play Centre,Glasgow,bar
Verde Building,Glasgow,bar
Fortress Of Solitude - Glasgow,bar Branch,Glasgow,bar
Arcadia Street,Glasgow,bar
Arcadia @home,Glasgow,bar
Kathryn's,Glasgow,bar
7 Silvergrove Street,Glasgow,bar
Lambhill Quadrant,Glasgow,bar
Scotland Street West,Glasgow,bar
WLR Associates,Glasgow,bar
The Climbing Academy,Glasgow,bar
Shields Road Subway Station,Glasgow,bar
The Fish People Cafe,Glasgow,bar
The Fish People,Glasgow,bar
Subway,Glasgow,bar
SPT Shield Rd Park & Ride,Glasgow,bar
Work,Glasgow,bar
M74 Junction 1,Glasgow,bar
Pikes Palace Of Ginger Love,Glasgow,bar
The Local,Glasgow,bar
Club Noir,Glasgow,bar
Paul and colins gaff,Glasgow,bar
O2 Academy,Glasgow,bar
Keyline,Glasgow,bar
Cathys hoose,Glasgow,bar
City Sprint Glasgow,bar
St Lukes Halls of Residence,Glasgow,bar
Glasgow,bar Club Gorbals,Glasgow,bar
Templeton Court,Glasgow,bar
sportscotland,Glasgow,bar
Dance HQ,Glasgow,bar
Templeton Business Centre,Glasgow,bar
Postable Limited,Glasgow,bar
White studios Templeton Building,Glasgow,bar
Forsyth Glazing,Glasgow,bar
Bathtube,Glasgow,bar
London Road Cafe,Glasgow,bar
Weavers Coffee House,Glasgow,bar
Silky,Glasgow,bar
Bus stop 60901492,Glasgow,bar
Anson St Bus Stop,Glasgow,bar
Sandy & Sandy's hoose of death,Glasgow,bar
Dreghorn photography,Glasgow,bar
Wonder World,Glasgow,bar
The Climbing Academy,Glasgow,bar
SAE College,Glasgow,bar
Sense Scotland,Glasgow,bar
Litecraft,Glasgow,bar
Cotterell's Lighting Centre,Glasgow,bar
Brasserie At Downstairs,Glasgow,bar
Doogie's,Glasgow,bar
Pollok Golf Club,Glasgow,bar
SAS Workwear,Glasgow,bar
Criminal Justice Social Work,Glasgow,bar
Bridge court,Glasgow,bar
Deals Yaar,Glasgow,bar
Curry King,Glasgow,bar
Citizens Theatre,Glasgow,bar
Bus Stop 60902510,Glasgow,bar
Bus Stop At Citizens,Glasgow,bar
Sharkeys,Glasgow,bar
COPFS,Glasgow,bar
That Place Frankie Told A Funny Joke,Glasgow,bar
Blackfriars primary school,Glasgow,bar
Premier Inn,Glasgow,bar
Premier Inn City South Bar & Bisto,Glasgow,bar
Benny Bar ;,Glasgow,bar
Ward's House,Glasgow,bar
City of Glasgow,bar College - Florence St,Glasgow,bar
Adelphi Centre,Glasgow,bar
Nelson's Monument On Glasgow,bar Green,Glasgow,bar
People's Palace,Glasgow,bar
Winter Garden At The People's Palace,Glasgow,bar
WEST Brewery Bar & Restaurant,Glasgow,bar
Philip Lang Cycles,Glasgow,bar
Glasgow,bar London Road / Green Street no 60901490,Glasgow,bar
TouchBase Business Centre,Glasgow,bar
The Stanley Bar,Glasgow,bar
Cotton Print Factory Shop,Glasgow,bar
Quayside,Glasgow,bar
Kingston Bridge Trading Estate,Glasgow,bar
Martin Aitken,Glasgow,bar
LA Group,Glasgow,bar
LA Bartenders,Glasgow,bar
Edmundson Electric,Glasgow,bar
The Pretty Palace,Glasgow,bar
Audi Garage,Glasgow,bar
Lime light,Glasgow,bar
Limelight Shisha,Glasgow,bar
osama bin laden Cave,Glasgow,bar
osama bin laden cave,Glasgow,bar
Mount Cook Cafe,Glasgow,bar
Dubia Grill,Glasgow,bar
The Old Hairdressers,Glasgow,bar
Fantoosh,Glasgow,bar
Inntro,Glasgow,bar
Bridge Street Subway Station,Glasgow,bar
@Train 2 Blackpool,Glasgow,bar
Bus stop 60902618,Glasgow,bar
Capital Cars,Glasgow,bar
City building skills academy,Glasgow,bar
Casa Kelly,Glasgow,bar
Route 66 Glasgow,bar to East Kilbride,Glasgow,bar
Glasgow,bar Central Mosque,Glasgow,bar
Victoria Bar,Glasgow,bar
Al Dente,Glasgow,bar
Halls Of Residence,Glasgow,bar
City of Glasgow,bar College - Riverside,Glasgow,bar
Glasgow,bar Life Adelphi,Glasgow,bar
The Flat,Glasgow,bar
Clyde ARC,Glasgow,bar
Bank Of Scotland,Glasgow,bar
Moffat st care home,Glasgow,bar
The World Bagpipe Championships,Glasgow,bar
Glasgow,bar Green,Glasgow,bar
Great Scottish Run Finish,Glasgow,bar
The Doulton Fountain,Glasgow,bar
Inspire Studios,Glasgow,bar
Glasgow,bar Bike Shed,Glasgow,bar
The Calton Bar,Glasgow,bar
Paul's,Glasgow,bar
McGill's 38,Glasgow,bar
Casa Del Cam and Kev,Glasgow,bar
Home sweet home,Glasgow,bar
Casa Del Cam & Shadow,Glasgow,bar
Casa Del Cam & Shadow,Glasgow,bar
City Gym,Glasgow,bar
FirstGlasgow,bar No 56,Glasgow,bar
Ka Faraq Gatri's home,Glasgow,bar
Portman motors,Glasgow,bar
Panda Hut,Glasgow,bar
Mr Clutch Glasgow,bar
Aquatron,Glasgow,bar
Arran Surgery,Glasgow,bar
Ailsa Surgery,Glasgow,bar
Morplan,Glasgow,bar
Coral Reef,Glasgow,bar
Kabana,Glasgow,bar
Flowerscene,Glasgow,bar
Dulux Decorator Centre,Glasgow,bar
Toolstation,Glasgow,bar
City Electric Factors,Glasgow,bar
Edmunsons,Glasgow,bar
hirestation,Glasgow,bar
Screwfix Direct,Glasgow,bar
Electricfix,Glasgow,bar
Travelodge,Glasgow,bar
Travelodge Glasgow,bar Paisley Road,Glasgow,bar
Aileymill Primary School,Glasgow,bar
All Saints Primary School,Glasgow,bar
My Amazeballs Home,Glasgow,bar
422tv Post Production,Glasgow,bar
Clarence House / The Prism,Glasgow,bar
The Co-op Building,Glasgow,bar
The Co-operative Funeralcare,Glasgow,bar
House of Sher,Glasgow,bar
Wallace Street,Glasgow,bar
The Kingston Quay Courtyard,Glasgow,bar
House of Lads,Glasgow,bar
Nearox HQ,Glasgow,bar
The House That Jack Built,Glasgow,bar
Western Saab,Glasgow,bar
Kingston Quay,Glasgow,bar
Wood And Ewing,Glasgow,bar
Strands,Glasgow,bar
Homes,Glasgow,bar
The Health Suite,Glasgow,bar
Beer Garden,Glasgow,bar
Wyrm Interactive Studios Ltd,Glasgow,bar
KFC,Glasgow,bar
Ricky's & Alex's Flat,Glasgow,bar
M & S Glasgow,bar
220 Wallace Street,Glasgow,bar
Andy & Kelvan's Flat,Glasgow,bar
Subway,Glasgow,bar
Zoe's Dungeon,Glasgow,bar
FlatNET,Glasgow,bar
The Manor,Glasgow,bar
Tradeston,Glasgow,bar
Cafe Kase,Glasgow,bar
Karahi Palace,Glasgow,bar
The castle bar/fishermans bar,Glasgow,bar
The Laurieston Bar,Glasgow,bar
Budget Car Hire,Glasgow,bar
Kervan Palace,Glasgow,bar
Lord Nelson,Glasgow,bar
Glasgow,bar orthodontics,Glasgow,bar
Area 51,Glasgow,bar
The Waterfront,Glasgow,bar
Fuschia,Glasgow,bar
Cincinnati Club,Glasgow,bar
TMNM Office,Glasgow,bar
Bridge Street subway,Glasgow,bar
Habib Bank UK,Glasgow,bar
arc studios,Glasgow,bar
Avenu Cafe,Glasgow,bar
The Lunch Box,Glasgow,bar
Deaf Connections,Glasgow,bar
Make It Glasgow,bar
Glasgow,bar Islamic Centre,Glasgow,bar
Albert Bridge,Glasgow,bar
Glasgow,bar World Highland Games,Glasgow,bar
World Pipe Band Championships,Glasgow,bar
Sacrilege @ Glasgow,bar Green,Glasgow,bar
Neon Gecko,Glasgow,bar
Gowrie Care,Glasgow,bar
Desirable Designer Gear,Glasgow,bar
MyHome,Glasgow,bar
Thenew Housing Association,Glasgow,bar
Emerald Isle,Glasgow,bar
Duke Wynd,Glasgow,bar
Yellow Bird Cafe,Glasgow,bar
Rutland Crescent,Glasgow,bar
Euro Asia,Glasgow,bar
Buchannans,Glasgow,bar
Gilbride Pharmacy,Glasgow,bar
Tasty Bite,Glasgow,bar
La Fiorentina,Glasgow,bar
Paisley Road Toll,Glasgow,bar
Grand Ole Opry,Glasgow,bar
Istanbul,Glasgow,bar
The Old Toll Bar,Glasgow,bar
Q-Wok,Glasgow,bar
Old Toll Cafe,Glasgow,bar
Tesco Express,Glasgow,bar
Kinning Park,Glasgow,bar
Merchants Quay,Glasgow,bar
Mr India,Glasgow,bar
The Angel Bar,Glasgow,bar
Gill's Off Sales,Glasgow,bar
Re-Elect Nicola Sturgeon Campaign HQ,Glasgow,bar
Ibis Budget,Glasgow,bar
Ben & Jerry's Odeon Glasgow,bar Quay,Glasgow,bar
Etap hotel,Glasgow,bar
Ebis Budget Hotel,Glasgow,bar
Hilti Center Glasgow,bar
Crocket The Ironmonger,Glasgow,bar
Harry Ramsden's,Glasgow,bar
FirstGlasgow,bar No 9,Glasgow,bar
Number 9 Bus To Paisley,Glasgow,bar
Glow Carwash,Glasgow,bar
Casa De La Dave & Jimjams,Glasgow,bar
Co-Op Building,Glasgow,bar
Dougan's Den,Glasgow,bar
Sandy's,Glasgow,bar
95 Morrison Street,Glasgow,bar
Fortress Of Solitude,Glasgow,bar
My Flat,Glasgow,bar
The Bone Palace,Glasgow,bar
53 Morrison Street,Glasgow,bar
The Flat,Glasgow,bar
Mirch Masala and Grill,Glasgow,bar
Taxi,Glasgow,bar
Siobhan Fabi @ Adam's Flat!!,Glasgow,bar
Lexus Glasgow,bar
Bonnypack,Glasgow,bar
Karim Fish n Chips,Glasgow,bar
The Village,Glasgow,bar
Village Curry House,Glasgow,bar
Grain Store Studios,Glasgow,bar
ABS Wholesale,Glasgow,bar
River palace banqueting hall,Glasgow,bar
Hamish Allan Centre,Glasgow,bar
Glasvegas Cafe Glasgow,bar
Boulevard Self Drive,Glasgow,bar
Priceless Computing South,Glasgow,bar
Rythm Base,Glasgow,bar
FirstGlasgow,bar No 56,Glasgow,bar
Nur,Glasgow,bar
Casa da Hay,Glasgow,bar
Spar,Glasgow,bar
The Sou Western,Glasgow,bar
78 Kingarth street,Glasgow,bar
Cumbrae House,Glasgow,bar
Ruffs Home,Glasgow,bar
House Of The Callum,Glasgow,bar
Oxford Court,Glasgow,bar
Enterprise Rent-a-Car,Glasgow,bar
Nicola's flat,Glasgow,bar
Carlton Studios,Glasgow,bar
Glasgow,bar sheriff Court,Glasgow,bar
Courtroom Cafe,Glasgow,bar
Glasgow,bar District Court,Glasgow,bar
River Clyde,Glasgow,bar
Joops flat,Glasgow,bar
Victoria Bridge,Glasgow,bar
The Mortuarty,Glasgow,bar
High Court of Justiciary,Glasgow,bar
High Court,Glasgow,bar
Sorcha Dallas,Glasgow,bar
Archangel Tattoo,Glasgow,bar
The Old Shipbank Vaults,Glasgow,bar
McLennan Arch,Glasgow,bar
Home Sweet Home,Glasgow,bar
Balitobay,Glasgow,bar
The Whistlin' Kirk,Glasgow,bar
Chez Gibson,Glasgow,bar
Mumford's Gate,Glasgow,bar
Homes For The Future,Glasgow,bar
Home,Glasgow,bar
Foggy Dew,Glasgow,bar
Bus stop 60901487,Glasgow,bar
Stefanos,Glasgow,bar
No4 Blackfriars Road,Glasgow,bar
My Home,Glasgow,bar
Grans House,Glasgow,bar
Grans,Glasgow,bar
Jens Bit,Glasgow,bar
Epilepsy Scotland,Glasgow,bar
Topstaff,Glasgow,bar
Govan Road,Glasgow,bar
Pickwell Palace ;,Glasgow,bar
Wattysville,Glasgow,bar
Rutland Place,Glasgow,bar
The Bear Cave,Glasgow,bar
Tommys Hoose,Glasgow,bar
Rutland Surgery,Glasgow,bar
ASNeill's Wholesale,Glasgow,bar
Odeon,Glasgow,bar
Nando's,Glasgow,bar
AMF Bowling,Glasgow,bar
Alea,Glasgow,bar
Ashoka,Glasgow,bar
Papa Tony's,Glasgow,bar
Panda,Glasgow,bar
Costa Coffee,Glasgow,bar
Chiquito,Glasgow,bar
Burger King,Glasgow,bar
Springfield Quay,Glasgow,bar
Springfield Quay Harvester,Glasgow,bar
Mecca Bingo Glasow Quay,Glasgow,bar
La Cherie - House Of Beautyp,Glasgow,bar
Harper Memorial Baptist Church,Glasgow,bar
Frankie & Benny's,Glasgow,bar
mum n dads,Glasgow,bar
Kieran and Jamie's manpad,Glasgow,bar
Hameeeee!!! :,Glasgow,bar
RBS cadogan street,Glasgow,bar
Home,Glasgow,bar
City Mechanics,Glasgow,bar
Remnant Kings,Glasgow,bar
Car Care Centre,Glasgow,bar
CrossFit Glasgow,bar
Babylon Cafe,Glasgow,bar
Little-Persia: Persian & Oriental Rugs,Glasgow,bar
Spice Garden,Glasgow,bar
Babylon supermarket,Glasgow,bar
Yokoso,Glasgow,bar
Rhythm Base,Glasgow,bar
Love-Rugs,Glasgow,bar
Carlton Place,Glasgow,bar
My Nest,Glasgow,bar
the auctioneer,Glasgow,bar
auto city,Glasgow,bar
Kirsty And Jenna's Flat,Glasgow,bar
1530 Bus to Edinburgh,Glasgow,bar
South Portland St Suspension Bridge,Glasgow,bar
The Prince & Princess of Wales Hospice,Glasgow,bar
29 Cadogan street Glasgow,bar
Epic Boating Flat,Glasgow,bar
The Brazen Head,Glasgow,bar
Windsorflat,Glasgow,bar
Westering winds,Glasgow,bar
Metropole Lane,Glasgow,bar
Holiday Inn Express,Glasgow,bar
Clutha Bar,Glasgow,bar
6 Bus,Glasgow,bar
The Briggait,Glasgow,bar
Present People,Glasgow,bar
Shutter Bug,Glasgow,bar
First Bus - 21,Glasgow,bar
Spirit Aid,Glasgow,bar
Carrick Court,Glasgow,bar
The City Merchant 217 Sauchiehall,Glasgow,bar
Dear Green Coffee Roasters,Glasgow,bar
~ Gym,Glasgow,bar
The Gala Gate,Glasgow,bar
Beauty Kitchen,Glasgow,bar
Sham Gate,Glasgow,bar
Euro Car Parks,Glasgow,bar
Angie's Party Flat!,Glasgow,bar
St Margaret's Place,Glasgow,bar
Mart Street,Glasgow,bar
Billy Bilsland Cycles,Glasgow,bar
Saltmarket,Glasgow,bar
Rock And Roll Tattoo,Glasgow,bar
Scullion Criminal Defence Office,Glasgow,bar
Sam's Hairdressers,Glasgow,bar
Java The Hut,Glasgow,bar
Glsgw Hm,Glasgow,bar
Ladbrokes,Glasgow,bar
Turnbull Street,Glasgow,bar
Cafe Source,Glasgow,bar
St Andrew's Square,Glasgow,bar
Saint Andrews Square,Glasgow,bar
St Andrew's in the Square,Glasgow,bar
Dr Nic's Pad,Glasgow,bar
The Fallen Angels Club at St Andrews in the Square,Glasgow,bar
bernards gaff,Glasgow,bar
The Spirit,Glasgow,bar
Charlotte st 52,Glasgow,bar
Caf Mimi's,Glasgow,bar
Glickmans Confectionery,Glasgow,bar
International Mobile Phone Centre,Glasgow,bar
Lynchs,Glasgow,bar
Newcastle Academy,Glasgow,bar
The Barras Market,Glasgow,bar
Barras Art and Design BAAD,Glasgow,bar
The Barras Art Centre,Glasgow,bar
22 23 Gibson Street,Glasgow,bar
Rose & Grants,Glasgow,bar
Bills Tool Store,Glasgow,bar
The Pipe Factory,Glasgow,bar
8 Bain Street G40 2 AL,Glasgow,bar
Bain Street,Glasgow,bar
G1 5DN,Glasgow,bar
The Princess Suite,Glasgow,bar
Harper Memorial Baptist Church,Glasgow,bar
Mavisbank Gardens,Glasgow,bar
Martins,Glasgow,bar
M8 Kingston Bridge,Glasgow,bar
Glasgow,bar City Free Church,Glasgow,bar
Riverview Drive,Glasgow,bar
Tradeston-Broomielaw Bridge Squiggly,Glasgow,bar
Peek a view,Glasgow,bar
Glasgow,bar River Bus,Glasgow,bar
George V Bridge,Glasgow,bar
Glasgow,bar Bridge,Glasgow,bar
Vantage Building,Glasgow,bar
Poundland,Glasgow,bar
St enoch Worling,Glasgow,bar
Urban Central Studios,Glasgow,bar
Charlie Browns,Glasgow,bar
Rainbow Room Academy,Glasgow,bar
Club V,Glasgow,bar
Custom House Quay Gardens,Glasgow,bar
Forbidden Lapdancing Club,Glasgow,bar
Clem And Seb's,Glasgow,bar
Saint Andrew's Cathedral,Glasgow,bar
Clyde Street,Glasgow,bar
Riverview Apartments,Glasgow,bar
Q-Park St Enoch,Glasgow,bar
Reilly Cassidy & Co,Glasgow,bar
La grotte du Leprechaun Florian,Glasgow,bar
Riverview Apartments,Glasgow,bar
Languagelabcom Glasgow,bar HQ,Glasgow,bar
Riverview Apartments,Glasgow,bar
Maxwell House,Glasgow,bar
Sheriff Court,Glasgow,bar
Cathedral Cloister Garden,Glasgow,bar
Minster Hairdressers,Glasgow,bar
Clyde View City Apartment Glasgow,bar
Alfie Heights,Glasgow,bar
Concept Group Ltd,Glasgow,bar
Slaters,Glasgow,bar
PIPEWORKS | Gay sauna,Glasgow,bar
Annie Millers,Glasgow,bar
i2i Optometrists,Glasgow,bar
Smurfs Home,Glasgow,bar
Howard Street,Glasgow,bar
Metropole Building,Glasgow,bar
Angelique Lamont,Glasgow,bar
Ropeworks Lane,Glasgow,bar
Scotia Bar,Glasgow,bar
Scrimshaws,Glasgow,bar
The Laundrette,Glasgow,bar
power house,Glasgow,bar
Stockwell St,Glasgow,bar
Byrnsies Pad,Glasgow,bar
Bernard Corrigan,Glasgow,bar
King St Carpark,Glasgow,bar
Court Yard Bar,Glasgow,bar
Powerhouse fitness,Glasgow,bar
Tom's Crib,Glasgow,bar
Ali's Barber,Glasgow,bar
South Block,Glasgow,bar
Mcleods,Glasgow,bar
Jar Hair Salon,Glasgow,bar
Mono,Glasgow,bar
The 13th Note,Glasgow,bar
Once upon a tart,Glasgow,bar
Cyber,Glasgow,bar
Monorail Music,Glasgow,bar
MadeBrave,Glasgow,bar
all that is coffee,Glasgow,bar
Strung Out,Glasgow,bar
Newspaper Club,Glasgow,bar
Kings Court Arcade,Glasgow,bar
Bowers & Peacock,Glasgow,bar
Mr Ben Retro Clothing,Glasgow,bar
Transmission,Glasgow,bar
Ludometrics,Glasgow,bar
TeeshirtNation,Glasgow,bar
Papertank,Glasgow,bar
The Modern Institute,Glasgow,bar
Static Collective,Glasgow,bar
De Anderen,Glasgow,bar
Saltmarket,Glasgow,bar
Studio Ileache,Glasgow,bar
Thomas Hayes Pet And Aquarium Corner,Glasgow,bar
Stewart's Cafe,Glasgow,bar
Gilt Edged,Glasgow,bar
New Beginnings,Glasgow,bar
Ballito Bay-Coffee with a touch of Glass,Glasgow,bar
The Fish Plaice,Glasgow,bar
Carot Tops Cafe,Glasgow,bar
ODAAT Centre,Glasgow,bar
Mellow Dee Bar,Glasgow,bar
Healthy Feet,Glasgow,bar
The Studio,Glasgow,bar
Contagious Glasgow,bar
Embody massage,Glasgow,bar
east bier bar,Glasgow,bar
High Street Pharmacy,Glasgow,bar
Andy's Flat,Glasgow,bar
Goodd,Glasgow,bar
Hot tanning salon,Glasgow,bar
Coronation Resturant,Glasgow,bar
Casa de Ewan e Drew,Glasgow,bar
The Cornation Cafe In Town,Glasgow,bar
Untouchable,Glasgow,bar
City Car Club Vehicle,Glasgow,bar
Lou'&'ailis,Glasgow,bar
The Penthouse,Glasgow,bar
Glasgow,bar Oldest Chippie,Glasgow,bar
Charlotte street,Glasgow,bar
The Saracen's Head,Glasgow,bar
Polski supermarket,Glasgow,bar
Hot!,Glasgow,bar
Piekarnia Cukiernia,Glasgow,bar
Tracy's Snacks,Glasgow,bar
187 Gallowgate Glasgow,bar G1  5DY,Glasgow,bar
Reeta Fashions,Glasgow,bar
Bus 60,Glasgow,bar
Kevin Hunter Art Studio,Glasgow,bar
Gallowgate,Glasgow,bar
Chopan Kebab,Glasgow,bar
Baird's Bar,Glasgow,bar
Cafe Lavita,Glasgow,bar
Tim Land,Glasgow,bar
Barrowland Ballroom,Glasgow,bar
Bar 67,Glasgow,bar
Philips Garage,Glasgow,bar
Glasgow,bar Pram Centre,Glasgow,bar
Cabin Bar,Glasgow,bar
Glasgow,bar nails,Glasgow,bar
Tir na Nog,Glasgow,bar
The Hoops Bar,Glasgow,bar
Pout,Glasgow,bar
The Hielan Jessie,Glasgow,bar
Gallowgate bus stop no 60901476,Glasgow,bar
Ladywell Business Centre,Glasgow,bar
The squirrel,Glasgow,bar
Calton Fire Station,Glasgow,bar
chalmers street,Glasgow,bar
Gallowgate,Glasgow,bar
Gallowgate/Graham Square 60901473,Glasgow,bar
Millroad Drive,Glasgow,bar
Bus Stop 60901473,Glasgow,bar
Daniel's Flat,Glasgow,bar
Mums,Glasgow,bar
STV Glasgow,bar HQ,Glasgow,bar
South Rotunda,Glasgow,bar
The Stronghold,Glasgow,bar
Finnieston Quay,Glasgow,bar
everything smells like dead hookers,Glasgow,bar
the monghold,Glasgow,bar
RES,Glasgow,bar
McGill's 23 Bus,Glasgow,bar
Shintar's Flat,Glasgow,bar
Kieran's Place,Glasgow,bar
Xalior's Place,Glasgow,bar
mark's flat,Glasgow,bar
Ferry Glasgow,bar
Toolstation,Glasgow,bar
Club Rory,Glasgow,bar
The Ferry On The Clyde,Glasgow,bar
The Ferry,Glasgow,bar
Atkins,Glasgow,bar
Ace European group,Glasgow,bar
Faithful+Gould,Glasgow,bar
Broomielaw,Glasgow,bar
Renfrew Ferry,Glasgow,bar
BT,Glasgow,bar
Clyde Riverbus,Glasgow,bar
Clyde Walkway,Glasgow,bar
Mott MacDonald,Glasgow,bar
AXA Insurance,Glasgow,bar
Clydeport,Glasgow,bar
Octopussy,Glasgow,bar
Grosvenor Casino Glasgow,bar Riverboat,Glasgow,bar
Java Joes,Glasgow,bar
Broomiellaw,Glasgow,bar
Javajoes,Glasgow,bar
Joannas Crib,Glasgow,bar
The crystal fury,Glasgow,bar
Queens House,Glasgow,bar
Broomielaw Quay Ferry Terminal,Glasgow,bar
Number 57 Bus,Glasgow,bar
Under Central Bridge,Glasgow,bar
1625 Train To Stranraer,Glasgow,bar
Jurys Inn Glasgow,bar
Euro Hostel Glasgow,bar
Mint & Lime,Glasgow,bar
Room 1011,Glasgow,bar
The Grill Bar,Glasgow,bar
Restaurant Jurys Inn,Glasgow,bar
The Imperial,Glasgow,bar
,Glasgow,bar
Costa Coffee Jurys Inn,Glasgow,bar
Kenny's Music,Glasgow,bar
Bus Stop 609037,Glasgow,bar
Flat 8 308 Clyde St,Glasgow,bar
CLYDEUNION Pumps Glasgow,bar
The dutchess palace,Glasgow,bar
Rubadub,Glasgow,bar
Kendall Koppe,Glasgow,bar
Vivace Theatre School,Glasgow,bar
Blue Lagoon,Glasgow,bar
Mary Mary Gallery,Glasgow,bar
Blackrock Productions,Glasgow,bar
Tesco Metro,Glasgow,bar
Boots,Glasgow,bar
St Enoch Hotel,Glasgow,bar
McDonald's,Glasgow,bar
Wong's Chinese Kitchen,Glasgow,bar
Thorntons,Glasgow,bar
KFC,Glasgow,bar
Drewdle,Glasgow,bar
Rollover,Glasgow,bar
The Sugar House,Glasgow,bar
Bus Stop 60903541,Glasgow,bar
Eats 1,Glasgow,bar
St Enoch Barbers,Glasgow,bar
Modelfix,Glasgow,bar
St Enoch Shopping Centre,Glasgow,bar
Disney Store,Glasgow,bar
Game,Glasgow,bar
Aulds St Enoch,Glasgow,bar
Modelzone,Glasgow,bar
Di Maggios,Glasgow,bar
Benefit Brow Bar,Glasgow,bar
Mama's Rasoi,Glasgow,bar
Dorothy Perkins,Glasgow,bar
Buchanan's,Glasgow,bar
Trespass,Glasgow,bar
M&Co,Glasgow,bar
The Body Shop,Glasgow,bar
St Enoch Tesco Metro,Glasgow,bar
Optical Express,Glasgow,bar
Madhouse,Glasgow,bar
Little VIP's,Glasgow,bar
Kottage Kafe,Glasgow,bar
15 Eriskay Avenue,Glasgow,bar
O'Briens,Glasgow,bar
Clinton Cards,Glasgow,bar
Vision Express Opticians,Glasgow,bar
Bradford's Bakery ATM,Glasgow,bar
Bakery ATM,Glasgow,bar
Barratts,Glasgow,bar
Blue Inc,Glasgow,bar
danesi Caffe,Glasgow,bar
Calendar Club,Glasgow,bar
Menkind Glasgow,bar St Enoch,Glasgow,bar
Regis st enochs,Glasgow,bar
BHS,Glasgow,bar
Bus Stop 60903539,Glasgow,bar
blame,Glasgow,bar
bargain books,Glasgow,bar
Argos,Glasgow,bar
Stockwell street,Glasgow,bar
Millers Art Shop,Glasgow,bar
Bus Stop 609063,Glasgow,bar
Tivoli Restaurant,Glasgow,bar
John Barras,Glasgow,bar
Granite House,Glasgow,bar
Empire Bar,Glasgow,bar
Glasgow,bar Music Studios,Glasgow,bar
The Oriental Bar,Glasgow,bar
Panache Bridal Wear & Kilts,Glasgow,bar
Bonmarch,Glasgow,bar
Cultural Enterprise Office,Glasgow,bar
The Lobby,Glasgow,bar
Osbourne Street Bus Stop 60904006,Glasgow,bar
Bus stop 60904006,Glasgow,bar
Coronation Restaurant,Glasgow,bar
GHA,Glasgow,bar
Cafe Cossachok,Glasgow,bar
Trongate 103,Glasgow,bar
Avant Garde,Glasgow,bar
Mo Hair,Glasgow,bar
Static Games,Glasgow,bar
Val D'Oro,Glasgow,bar
Good Press Gallery,Glasgow,bar
The City Vintage Clothing,Glasgow,bar
Street Level Photoworks,Glasgow,bar
Screenmedia,Glasgow,bar
Glasgow,bar Print Studio,Glasgow,bar
Terry's Tattoo Studio,Glasgow,bar
Tatty Bon,Glasgow,bar
Graphical House,Glasgow,bar
Techmeetup Glasgow,bar
Good Creative,Glasgow,bar
Ricefield Chinese Arts And Cultural Centre,Glasgow,bar
Greens Barbers,Glasgow,bar
The Dragon And George,Glasgow,bar
Maggie Mays,Glasgow,bar
Trans Europe Cafe,Glasgow,bar
Tron Theatre,Glasgow,bar
Tron Theatre Bar,Glasgow,bar
nirvana body piercing,Glasgow,bar
Esca Restaurant,Glasgow,bar
GuitarGuitar,Glasgow,bar
Plan B Books,Glasgow,bar
A1 Comics,Glasgow,bar
E2 Cafe,Glasgow,bar
Parnie Street Dental Practice,Glasgow,bar
The Glasgow,bar Piercing Studio,Glasgow,bar
Terrys Tattoos,Glasgow,bar
Glasgrow,Glasgow,bar
Trongate,Glasgow,bar
Tolbooth,Glasgow,bar
Jack Morton Worldwide - Glasgow,bar Office,Glasgow,bar
Rose And Grants,Glasgow,bar
Envious Bridal,Glasgow,bar
Glasgay!,Glasgow,bar
Merchant City Cameras,Glasgow,bar
The Hemp House,Glasgow,bar
Creation Studios,Glasgow,bar
Mercat Building,Glasgow,bar
Glasgow,bar Cross,Glasgow,bar
Tolbooth Clock Tower,Glasgow,bar
Hepcat Tattoos,Glasgow,bar
GuitarGuitar Digital,Glasgow,bar
The Drum HQ,Glasgow,bar
Chicken Cottage,Glasgow,bar
chez dunne,Glasgow,bar
The Merchant Building,Glasgow,bar
Half Hobbit Flat,Glasgow,bar
Tot spot,Glasgow,bar
Bus stop 6090103,Glasgow,bar
Chrystal Bell Bar,Glasgow,bar
Reynolds Hair and Beauty,Glasgow,bar
Charles Anderson Messenger At arms,Glasgow,bar
Dave And Lynzs,Glasgow,bar
McKinnons,Glasgow,bar
Flat 2/2,Glasgow,bar
The Italian Job,Glasgow,bar
Glasgow,bar Life,Glasgow,bar
Tolbooth Steeple,Glasgow,bar
Casa Del Honni,Glasgow,bar
Carnyx,Glasgow,bar
The Food Stop,Glasgow,bar
Cafe Prima,Glasgow,bar
Untouchables,Glasgow,bar
Rock N Roll Tattoo,Glasgow,bar
sile sanda,Glasgow,bar
Lidl,Glasgow,bar
Bell Street,Glasgow,bar
Duncan's Flat,Glasgow,bar
G1 5AE,Glasgow,bar
My Flat!,Glasgow,bar
Bell St,Glasgow,bar
James Den Of Anarchy,Glasgow,bar
Ruraidh's,Glasgow,bar
Wise Group,Glasgow,bar
Casa Al-Tannak,Glasgow,bar
College Heights,Glasgow,bar
Briony's Flat : X,Glasgow,bar
Morrisons,Glasgow,bar
Moore Street,Glasgow,bar
The Flat,Glasgow,bar
Squinty Bridge,Glasgow,bar
Hilton Garden Inn,Glasgow,bar
City Cafe Bar & Grill - Hilton Garden Inn - Finnieston Quay - Glasgow,bar
Mint Hotel,Glasgow,bar
Aon Hewitt Centre,Glasgow,bar
2 Central Quay,Glasgow,bar
India Quay,Glasgow,bar
PhiCo Residence,Glasgow,bar
Dave's Place,Glasgow,bar
National Car & Van Hire,Glasgow,bar
Europcar,Glasgow,bar
River Heights cribs,Glasgow,bar
Hertz Glasgow,bar City,Glasgow,bar
Riverheights & Nisa,Glasgow,bar
Etap Hotel,Glasgow,bar
Casa GemNic,Glasgow,bar
My Flat,Glasgow,bar
Scottish Daily Record Canteen,Glasgow,bar
Rippleffect,Glasgow,bar
SHM,Glasgow,bar
Home,Glasgow,bar
SHM,Glasgow,bar
The Press Room,Glasgow,bar
Scottish Daily Record,Glasgow,bar
Cheapside St,Glasgow,bar
Party Dave Town,Glasgow,bar
Victor Paris,Glasgow,bar
IA Cubed,Glasgow,bar
220 Broomielaw,Glasgow,bar
Gap Plant & Tool Hire,Glasgow,bar
EQSN,Glasgow,bar
Scottish Government,Glasgow,bar
Atlantic Quay,Glasgow,bar
RSA Alexander Bain House,Glasgow,bar
Mad House,Glasgow,bar
GTW,Glasgow,bar
G28,Glasgow,bar
Sercon People,Glasgow,bar
Oval Financial Services,Glasgow,bar
Big Lottery Fund Scotland,Glasgow,bar
,Glasgow,bar
MacRoberts LLP,Glasgow,bar
Capella,Glasgow,bar
Lloyds TSB Scottish Asset Finance Ltd,Glasgow,bar
Scottish Qualifications Authority SQA,Glasgow,bar
Lloydtsb Atlantic Quay,Glasgow,bar
Fusion,Glasgow,bar
Education Scotland,Glasgow,bar
NCP Oswald St,Glasgow,bar
Capgemini PLC,Glasgow,bar
Grants,Glasgow,bar
Glassgow Central Apartment,Glasgow,bar
Ians Place,Glasgow,bar
Caledonian Sleeper Glasgow,bar Central,Glasgow,bar
Ivory Blacks,Glasgow,bar
Men International,Glasgow,bar
Sally Salon Services,Glasgow,bar
Hot-tel-Apartments,Glasgow,bar
Oswald street,Glasgow,bar
Turquoise,Glasgow,bar
Enterprise Rent-a-car,Glasgow,bar
Enterprise rent-a-car,Glasgow,bar
Manpower,Glasgow,bar
Hays Recruitment,Glasgow,bar
Spice of the City,Glasgow,bar
Oswald Street Book Shop,Glasgow,bar
CALEDONIAN SLEEPER | Train,Glasgow,bar
Bus stop 609034,Glasgow,bar
The Crystal Palace Wetherspoon,Glasgow,bar
The Classic Grand,Glasgow,bar
Lidl,Glasgow,bar
MacSorley's,Glasgow,bar
Sub Club,Glasgow,bar
Matalan,Glasgow,bar
Richer Sounds,Glasgow,bar
Currys PC World,Glasgow,bar
Q-Park Jamaica St,Glasgow,bar
Audio,Glasgow,bar
Craig Andrew Hairdressing,Glasgow,bar
Treasure Chest,Glasgow,bar
Tangerine 13,Glasgow,bar
No9 Bus stop For Paisley,Glasgow,bar
Academy of Music and Sound,Glasgow,bar
Bus stop 609036,Glasgow,bar
About Face,Glasgow,bar
St Enoch Square,Glasgow,bar
Times Square,Glasgow,bar
Deezer Bandwagon,Glasgow,bar
Hootenanny,Glasgow,bar
Teacher Building,Glasgow,bar
Vector Design,Glasgow,bar
Mellisa Amy Hopkins,Glasgow,bar
Hospice Shop,Glasgow,bar
Crepe a Croissant,Glasgow,bar
Vector Design & Print,Glasgow,bar
45,Glasgow,bar
Culture Sparks,Glasgow,bar
HuzuTech,Glasgow,bar
Nando's,Glasgow,bar
Caff Nero,Glasgow,bar
St Enoch Subway Station,Glasgow,bar
Costa Coffee,Glasgow,bar
Hamleys,Glasgow,bar
St Enoch Subway Outer Circle Platform,Glasgow,bar
Kimble's Cafe & Deli,Glasgow,bar
St Enoch Shopping Centre Food Court,Glasgow,bar
Burger King,Glasgow,bar
Maplin,Glasgow,bar
Millie's Cookies,Glasgow,bar
Greggs,Glasgow,bar
Papyrus,Glasgow,bar
Hotel Chocolat,Glasgow,bar
Co-op Tweet 4 a Table,Glasgow,bar
Warren James,Glasgow,bar
ecco,Glasgow,bar
New Id,Glasgow,bar
Pulp,Glasgow,bar
AOK Training,Glasgow,bar
Henleys,Glasgow,bar
St Enoch Inner Cycle,Glasgow,bar
Fossil,Glasgow,bar
Mary Mary,Glasgow,bar
Swatch,Glasgow,bar
Royal Bank of Scotland,Glasgow,bar
Garage Shoes,Glasgow,bar
Ness,Glasgow,bar
Bodyshop,Glasgow,bar
1levelup,Glasgow,bar
Nike - Live For The Game,Glasgow,bar
Truth,Glasgow,bar
Ortak,Glasgow,bar
Sandwich Delights,Glasgow,bar
Folli Follie Store,Glasgow,bar
McColl's,Glasgow,bar
Think Different Events,Glasgow,bar
Level Up,Glasgow,bar
ProfessioNail Beauty Salon,Glasgow,bar
Ten Till Ten,Glasgow,bar
Burton Menswear,Glasgow,bar
Clinique Counter,Glasgow,bar
H&M,Glasgow,bar
Cult Superdry,Glasgow,bar
Savers,Glasgow,bar
Burton,Glasgow,bar
Mamas and Papas,Glasgow,bar
JNR Station,Glasgow,bar
Quiz,Glasgow,bar
Reda's Barbers,Glasgow,bar
Mrs Sloans Cake Salon,Glasgow,bar
Dz,Glasgow,bar
thisispulp,Glasgow,bar
Virgin Money,Glasgow,bar
Debenhams,Glasgow,bar
hmv,Glasgow,bar
American Candy Co,Glasgow,bar
Footlocker,Glasgow,bar
Gap,Glasgow,bar
Warehouse,Glasgow,bar
T-mobile Argyle St,Glasgow,bar
Club MILAN,Glasgow,bar
TK Maxx,Glasgow,bar
Topshop,Glasgow,bar
SportsDirect,Glasgow,bar
River Island,Glasgow,bar
WHSmith,Glasgow,bar
Cairns,Glasgow,bar
Superdrug,Glasgow,bar
Monster Worldwide,Glasgow,bar
JJB Sports,Glasgow,bar
Phones 4u,Glasgow,bar
Internacionale,Glasgow,bar
istanbul hair stylists,Glasgow,bar
Chi Yoga Centre,Glasgow,bar
Illamasqua,Glasgow,bar
Town,Glasgow,bar
Radcliffes,Glasgow,bar
Argyle Street Railway Station AGS,Glasgow,bar
Marks & Spencer,Glasgow,bar
Sainsbury's Local,Glasgow,bar
M&S Cafe,Glasgow,bar
Monteith House,Glasgow,bar
Pull And Bear Olympian City,Glasgow,bar
McDonald's,Glasgow,bar
Tesco Express,Glasgow,bar
Specsavers,Glasgow,bar
JD Sports,Glasgow,bar
263 Bus,Glasgow,bar
18 Bus,Glasgow,bar
62 bus,Glasgow,bar
Barrhead Travel,Glasgow,bar
GMAC,Glasgow,bar
Bus Stop 60903710,Glasgow,bar
kanaloa,Glasgow,bar
Specsavers Hearing Centre,Glasgow,bar
limelight studios,Glasgow,bar
Bus Stop 6090106,Glasgow,bar
Newsbox,Glasgow,bar
Kollectables,Glasgow,bar
Ben Tanyas & Martins,Glasgow,bar
PUMA El Rey was here @ OrientalBar&Kitchen,Glasgow,bar
Orange,Glasgow,bar
shoe zone,Glasgow,bar
T J Hughes,Glasgow,bar
Abbey Chemist,Glasgow,bar
Greggs,Glasgow,bar
Anitopia Pets,Glasgow,bar
Strathclyde Prayer Room,Glasgow,bar
Yolo Frozen Yogurt Bar,Glasgow,bar
Merchant Hotel,Glasgow,bar
Khublai Khans,Glasgow,bar
Britannia Panopticon Music Hall,Glasgow,bar
Sharmanka,Glasgow,bar
Merchant Pride,Glasgow,bar
Ocean Fish & Chips,Glasgow,bar
Trattoria Gia,Glasgow,bar
TH Hughes,Glasgow,bar
Mitchell's,Glasgow,bar
Trongate/Candleriggs 6090103,Glasgow,bar
Merchant City News,Glasgow,bar
Urban Pind,Glasgow,bar
Boteco do Brasil,Glasgow,bar
Fraser Suites,Glasgow,bar
cafe india,Glasgow,bar
Q-Park Candleriggs,Glasgow,bar
Spoon,Glasgow,bar
Record Fayre,Glasgow,bar
DebRA,Glasgow,bar
Osbourne St Bus Stance,Glasgow,bar
Glasgow,bar 2014 Volunteer Centre,Glasgow,bar
Brazen,Glasgow,bar
Glasgow,bar 2014 Ltd Offices,Glasgow,bar
The Old Ship Bank,Glasgow,bar
Commonwealth Games Volunteer Centre,Glasgow,bar
Commonwealth House,Glasgow,bar
Perfection Bridal and Menswear,Glasgow,bar
Merchant Express,Glasgow,bar
Bus Stop 6090102,Glasgow,bar
Day Today Store,Glasgow,bar
Tesco Express,Glasgow,bar
Central Market,Glasgow,bar
Subway,Glasgow,bar
Wishbones,Glasgow,bar
Zorba,Glasgow,bar
Chilli Thrill,Glasgow,bar
Cupcake Glasgow,bar
Panoptican,Glasgow,bar
Clydeside Press,Glasgow,bar
Elbows cafe,Glasgow,bar
Glasgow,bar Sport sports Development Trongate,Glasgow,bar
Flat 4/2,Glasgow,bar
Home,Glasgow,bar
High Street Apartment 602,Glasgow,bar
The House That Jack Built,Glasgow,bar
City Car Club Vehicle,Glasgow,bar
Winn's Flat,Glasgow,bar
Moviecomtv,Glasgow,bar
Geeks Residence,Glasgow,bar
Clinique Counter,Glasgow,bar
StorkUp HQ,Glasgow,bar
Bite,Glasgow,bar
Glasgow,bar 2014,Glasgow,bar
29studios,Glasgow,bar
McChuills,Glasgow,bar
Merchant Soul,Glasgow,bar
Flat FS,Glasgow,bar
Argos,Glasgow,bar
Castle Greyskull,Glasgow,bar
Bite A Global Marketing Services Agency,Glasgow,bar
Cargo - Ecommerce Glasgow,bar
Bourne,Glasgow,bar
Croftfoot Railway Station CFF,Glasgow,bar
Blackad,Glasgow,bar
Sasha Flat,Glasgow,bar
Duncan's,Glasgow,bar
Parsonage Square,Glasgow,bar
153 Bell Street,Glasgow,bar
the B hive,Glasgow,bar
Black Cherry,Glasgow,bar
the B hive,Glasgow,bar
my old flat,Glasgow,bar
the "house",Glasgow,bar
10 Charlotte Street,Glasgow,bar
The Old Burnt Barns,Glasgow,bar
ISADON Car Wash,Glasgow,bar
My Flat,Glasgow,bar
papa's curry house,Glasgow,bar
Craig's Pad,Glasgow,bar
IV'S,Glasgow,bar
SYT,Glasgow,bar
Finnieston Crane,Glasgow,bar
Hard Rock Cafe Munich Germany,Glasgow,bar
North Rotunda,Glasgow,bar
Yen Teppanyaki & Oriental Restaurant,Glasgow,bar
La Rotunda,Glasgow,bar
Campanille Tunnel St,Glasgow,bar
Lancefield Quay Apartments,Glasgow,bar
Club 179,Glasgow,bar
Lancefield Quay Apartments,Glasgow,bar
city cafe,Glasgow,bar
ATS,Glasgow,bar
Elliot Street,Glasgow,bar
kewndawg,Glasgow,bar
Glasgow,bar City Antiques,Glasgow,bar
AWL Alfa,Glasgow,bar
Clydeside AntiquesGlasgow,bar
Hertz,Glasgow,bar
NHS Education for Scotland,Glasgow,bar
Granite Services,Glasgow,bar
ACCA,Glasgow,bar
sainsburys local,Glasgow,bar
Templeton Green,Glasgow,bar
Under the Kingston Bridge,Glasgow,bar
Prestwick International Airport Railway Station PRA,Glasgow,bar
M8 Junction 19,Glasgow,bar
Massage By Jane,Glasgow,bar
Bizspace,Glasgow,bar
Pentagon Business Centre,Glasgow,bar
Academy Class,Glasgow,bar
The Hub @ STV Central,Glasgow,bar
Autoporto Car Park,Glasgow,bar
Square Circle HR,Glasgow,bar
Davey Patersons Pad,Glasgow,bar
The Loft Creative Studios,Glasgow,bar
Barclays Call Centre,Glasgow,bar
El Castel Durie,Glasgow,bar
Ho Wong,Glasgow,bar
Home,Glasgow,bar
BDO,Glasgow,bar
Wills Gaff,Glasgow,bar
Blue Couch @ The Flat,Glasgow,bar
Alexander Thomson Hotel Glasgow,bar
Thai Orchid,Glasgow,bar
Pole Physique,Glasgow,bar
Jules,Glasgow,bar
Collage Resturant,Glasgow,bar
Radisson Blu Hotel Glasgow,bar
Work,Glasgow,bar
Waterloo,Glasgow,bar
The Atrium Radisson Blu,Glasgow,bar
bus stop 609044,Glasgow,bar
Learning Teaching Scotland,Glasgow,bar
Room 248 Radisson Blu,Glasgow,bar
Quarter Gill,Glasgow,bar
The Atrium,Glasgow,bar
The Wife's House,Glasgow,bar
The Optima,Glasgow,bar
Silks & Secrets,Glasgow,bar
Allied Healthcare,Glasgow,bar
Direct line,Glasgow,bar
Westergate,Glasgow,bar
The Sir John Moore Wetherspoon,Glasgow,bar
Platform 17,Glasgow,bar
LA Fitness,Glasgow,bar
Platform 15,Glasgow,bar
Collage Corner Bar,Glasgow,bar
Glasgow,bar Central GLC to Neilston NEI Train,Glasgow,bar
Sunset Beach,Glasgow,bar
Barrhead Travel,Glasgow,bar
Room 315@radisson Hotel,Glasgow,bar
Smarts Barbers,Glasgow,bar
Denholms Bar,Glasgow,bar
McGill's Number 26 Bus,Glasgow,bar
Hope & Argyle Coffee House,Glasgow,bar
Caffe L'ombrellone,Glasgow,bar
Saporro,Glasgow,bar
Glasgow,bar Central to Durham,Glasgow,bar
Home,Glasgow,bar
Drummond Miller,Glasgow,bar
Carfone Repair Centre,Glasgow,bar
Viceroy,Glasgow,bar
Clinique Counter,Glasgow,bar
John Brown Hairdressing,Glasgow,bar
Inside Out XL,Glasgow,bar
Platform 11,Glasgow,bar
Platform 12,Glasgow,bar
Platform 9,Glasgow,bar
The Arches,Glasgow,bar
Platform 13,Glasgow,bar
Lola & Livvy's,Glasgow,bar
Platform 14,Glasgow,bar
Hielanman's Umbrella,Glasgow,bar
Blue Lagoon,Glasgow,bar
The Penguincubator - Glasgow,bar Central,Glasgow,bar
Beauty In The City,Glasgow,bar
Greggs,Glasgow,bar
Glasgow,bar Central to Penzance 11:00 Via Sheffield,Glasgow,bar
Bus Stop 609031,Glasgow,bar
First Glasgow,bar 54 bus route,Glasgow,bar
Glasgow,bar Weihnachtsmarkt,Glasgow,bar
Coopers Bar,Glasgow,bar
Glasgow,bar Central GLC to Kilmarnock KMK Train,Glasgow,bar
the gituar store,Glasgow,bar
Scrummy Yummy Pizza,Glasgow,bar
Speedy Dental Repairs,Glasgow,bar
Nokia Care,Glasgow,bar
Baillieston Dentist,Glasgow,bar
Focus Skateboard Store Glasgow,bar
Ardrossan Harbor Train,Glasgow,bar
Mercantile Chambers,Glasgow,bar
Rockers,Glasgow,bar
Karen Millen @ House of Fraser,Glasgow,bar
McDonald's,Glasgow,bar
KFC,Glasgow,bar
Cathouse,Glasgow,bar
Fopp,Glasgow,bar
Pizza Hut,Glasgow,bar
Noodle Stop,Glasgow,bar
Poundland,Glasgow,bar
Waterstones,Glasgow,bar
Size,Glasgow,bar
Cafe W,Glasgow,bar
Tickets Scotland,Glasgow,bar
The Grant Arms,Glasgow,bar
Chopstix,Glasgow,bar
Jamaica St,Glasgow,bar
Argyle Street Jamaica Street,Glasgow,bar
Ryman,Glasgow,bar
British Heart Foundation,Glasgow,bar
Bus Stop Union St,Glasgow,bar
Sloan's Ballroom,Glasgow,bar
Forward Fitness,Glasgow,bar
Boots optician,Glasgow,bar
bus stop 60903543,Glasgow,bar
Reload,Glasgow,bar
Skint Alterations,Glasgow,bar
Argyle St,Glasgow,bar
The Gym Glasgow,bar
The Celtic Collection,Glasgow,bar
Subway,Glasgow,bar
Timpson,Glasgow,bar
G-Star Store Glasgow,bar
Bifteki,Glasgow,bar
Priceless Shoes,Glasgow,bar
Love Records,Glasgow,bar
Cardland,Glasgow,bar
52 St Enoch Square,Glasgow,bar
House of Fraser,Glasgow,bar
Zara,Glasgow,bar
HSBC,Glasgow,bar
Schuh,Glasgow,bar
Footasylum,Glasgow,bar
Bank of Scotland,Glasgow,bar
Dog Digital,Glasgow,bar
Nike,Glasgow,bar
Remnant Kings,Glasgow,bar
Wallis Argyle St,Glasgow,bar
Ann Summers,Glasgow,bar
O2,Glasgow,bar
Prada,Glasgow,bar
Santander,Glasgow,bar
Arria bar,Glasgow,bar
Claire's,Glasgow,bar
Renfield Street 94,Glasgow,bar
Parchment,Glasgow,bar
Armani,Glasgow,bar
Enable Scotland National Office,Glasgow,bar
Ramsdens,Glasgow,bar
Sky Palace,Glasgow,bar
Curves Gym,Glasgow,bar
Bodyline Tattoo Studio,Glasgow,bar
Bleep Purple,Glasgow,bar
Cardross street,Glasgow,bar
Clinique Counter,Glasgow,bar
Sloans,Glasgow,bar
The 3 Store,Glasgow,bar
Argyle Arcade,Glasgow,bar
Superdry Outlet,Glasgow,bar
Sloans market,Glasgow,bar
G-Star Raw,Glasgow,bar
Clarks,Glasgow,bar
Chisholm Hunter,Glasgow,bar
Hybrid Academy of Martial Arts,Glasgow,bar
Evans,Glasgow,bar
Carphone Warehouse,Glasgow,bar
Greggs,Glasgow,bar
Talal Alenezi Flat,Glasgow,bar
ROX,Glasgow,bar
Bernstone's,Glasgow,bar
Sizzling Pubs,Glasgow,bar
Al-Shatti's Apartment,Glasgow,bar
Hanin's Flat,Glasgow,bar
Antwerp Diamond Company,Glasgow,bar
Bottles 2 Clocks,Glasgow,bar
Accessorize,Glasgow,bar
Vodafone,Glasgow,bar
Barclays Diamonds,Glasgow,bar
Soundpuddle HQ,Glasgow,bar
JJB Rangers,Glasgow,bar
Candy N Shake,Glasgow,bar
Capital Hair & Beauty,Glasgow,bar
Bus Stop 609049,Glasgow,bar
My Home,Glasgow,bar
My Home ,Glasgow,bar
My Home,Glasgow,bar
My Home,Glasgow,bar
My Home,Glasgow,bar
Geek Squad Mobile Phone Repair Hub,Glasgow,bar
My Home,Glasgow,bar
My Home,Glasgow,bar
My Home ,Glasgow,bar
My Home,Glasgow,bar
Jeddah,Glasgow,bar
Diesel - House of Fraser,Glasgow,bar
Primark,Glasgow,bar
Barclays,Glasgow,bar
Strata,Glasgow,bar
Next,Glasgow,bar
Topman,Glasgow,bar
75 Bus,Glasgow,bar
Cult Clothing,Glasgow,bar
Paid On Results Ltd,Glasgow,bar
5pmcouk,Glasgow,bar
Holland & Barrett,Glasgow,bar
Tam Shepherds,Glasgow,bar
Blackbaud Europe Ltd,Glasgow,bar
Centrum offices,Glasgow,bar
Independent Bar & Kitchen,Glasgow,bar
Foot Locker,Glasgow,bar
Zebra Cafe,Glasgow,bar
Indnt,Glasgow,bar
CQ's,Glasgow,bar
Muse Bar,Glasgow,bar
Sugarcube Nightclub,Glasgow,bar
Americandy,Glasgow,bar
Demonica's,Glasgow,bar
New Kismet,Glasgow,bar
Ico Ico Creative,Glasgow,bar
70 Queen Street,Glasgow,bar
The Studio,Glasgow,bar
Roca,Glasgow,bar
The Streat,Glasgow,bar
Tattoo Nightclub,Glasgow,bar
Brutti Compadres,Glasgow,bar
Clarins Skin Spa at Debenhams,Glasgow,bar
Gift World,Glasgow,bar
Giftworks,Glasgow,bar
Sarah's room,Glasgow,bar
Student Village,Glasgow,bar
Rock Lobster,Glasgow,bar
Virginia Gallery,Glasgow,bar
Merchant City Inn,Glasgow,bar
Luke & Jack,Glasgow,bar
Tobacco Exchange,Glasgow,bar
Parrucche Wig & Hair Boutique,Glasgow,bar
Virginia Street,Glasgow,bar
Beauty Feet Fish Spa,Glasgow,bar
Moda,Glasgow,bar
City Car Club Vehicle,Glasgow,bar
Subway,Glasgow,bar
Grosvenor Casino Glasgow,bar Merchant City,Glasgow,bar
Peckham's,Glasgow,bar
Mansion House,Glasgow,bar
Merchant City Yoga,Glasgow,bar
Cookery School,Glasgow,bar
20:20 Opticians,Glasgow,bar
Glassford street,Glasgow,bar
Tiffanys,Glasgow,bar
SAMH Scottish Association for Mental Health,Glasgow,bar
Merchant City Post Office,Glasgow,bar
Lucky Voice,Glasgow,bar
NCP The Glasshouse,Glasgow,bar
Merchant City Barbers,Glasgow,bar
Glasgow,bar Housinh Association GHA,Glasgow,bar
Wilson Towers,Glasgow,bar
Tiger Tiger,Glasgow,bar
Bus stop for 65,Glasgow,bar
Random Pants,Glasgow,bar
Hentertainment,Glasgow,bar
Glassford Court,Glasgow,bar
Merchant City,Glasgow,bar
Citation Taverne & Restaurant,Glasgow,bar
Principal Apartments Landsdowne Garden Apartment,Glasgow,bar
Snugglemuffin,Glasgow,bar
Court Bar,Glasgow,bar
Brunswick House,Glasgow,bar
Goldbergs,Glasgow,bar
Tobacco Exchange,Glasgow,bar
Citizens Advice Bureau,Glasgow,bar
Barnardo's,Glasgow,bar
Whifflet train,Glasgow,bar
Guys Restaurant,Glasgow,bar
Dhabba,Glasgow,bar
Cranberry's tearoom,Glasgow,bar
Primo,Glasgow,bar
60 Wilson Street,Glasgow,bar
Merchant Pride candle bar,Glasgow,bar
Wilsons On Wilson Street,Glasgow,bar
Martin's House,Glasgow,bar
Cranberrys,Glasgow,bar
La Belle Forme,Glasgow,bar
Merchant Square,Glasgow,bar
Metropolitan,Glasgow,bar
Bar 91,Glasgow,bar
Beer Cafe,Glasgow,bar
City Merchant,Glasgow,bar
Chophouse Brasserie,Glasgow,bar
Pancho Villa's,Glasgow,bar
Arisaig,Glasgow,bar
Bar Espagnol,Glasgow,bar
Mercado,Glasgow,bar
Boudoir Wine Bar,Glasgow,bar
Bar Square,Glasgow,bar
Fanelli's,Glasgow,bar
Plum Tree,Glasgow,bar
James Margey Hair,Glasgow,bar
Berits & Brown,Glasgow,bar
Philosophi,Glasgow,bar
boudoir,Glasgow,bar
Glasgow,bar Police Museum,Glasgow,bar
White & Barr,Glasgow,bar
Thali,Glasgow,bar
Countrywide,Glasgow,bar
Stateside Bar & Kitchen,Glasgow,bar
83 Candleriggs,Glasgow,bar
High Tech Square,Glasgow,bar
77 Trongate,Glasgow,bar
Gay Men's Health,Glasgow,bar
Blackfriars,Glasgow,bar
Cafe Gandolfi,Glasgow,bar
O'Neills,Glasgow,bar
Bar Home,Glasgow,bar
Belgian street Glasgow,bar
Arta,Glasgow,bar
The Libertine,Glasgow,bar
Gandolfi Fish,Glasgow,bar
Glasgow,bar Women's Aid,Glasgow,bar
Gandolfi To Go,Glasgow,bar
Ovo,Glasgow,bar
LGBT Youth Scotland,Glasgow,bar
Obo,Glasgow,bar
Casa Craigdon,Glasgow,bar
The Laundry Room @ 5 Walls Street,Glasgow,bar
Merchants' House,Glasgow,bar
Gallery 23,Glasgow,bar
2/16,Glasgow,bar
Babbity Bowster,Glasgow,bar
The Italian Caff Enoteca,Glasgow,bar
Sorada's Kingdom,Glasgow,bar
Andrew & Stephen's Awesome Abode,Glasgow,bar
Walls Street,Glasgow,bar
The Barras Bistro,Glasgow,bar
Allan and Magnus' Pad,Glasgow,bar
D&J Model,Glasgow,bar
Castro Noise,Glasgow,bar
Merchant City Dental,Glasgow,bar
The Black Bull,Glasgow,bar
A9  o poder!,Glasgow,bar
C1 AUH,Glasgow,bar
Strathduie,Glasgow,bar
Manderley Castle,Glasgow,bar
The Country Shop Ltd,Glasgow,bar
Rocha's House,Glasgow,bar
Wheatsheaf Inn,Glasgow,bar
260 High Street,Glasgow,bar
Una Mclean Veterinary Surgery,Glasgow,bar
Natural Health Service,Glasgow,bar
Quarrybank,Glasgow,bar
Glass,Glasgow,bar
Joop,Glasgow,bar
Clinton Cards,Glasgow,bar
Gelateria Zanoni,Glasgow,bar
Jack Daniels,Glasgow,bar
Flab E Loss,Glasgow,bar
Corkys,Glasgow,bar
King Edward Park,Glasgow,bar
Button 11,Glasgow,bar
Element Gift Shop,Glasgow,bar
Unite Student Accommodation,Glasgow,bar
Unite Blackfriars Laundry,Glasgow,bar
Andrew Ure Hall,Glasgow,bar
University of Glasgow,barWards Library,Glasgow,bar
Johnnys tattoo studio,Glasgow,bar
Blackfriar Car Park,Glasgow,bar
UNITE,Glasgow,bar
,Glasgow,bar
Cornerstone,Glasgow,bar
Play Away Nusery,Glasgow,bar
Ruperts home,Glasgow,bar
Men's Health Forum Scotland,Glasgow,bar
intercity auctions,Glasgow,bar
Campanile Hotel,Glasgow,bar
Yen Rotunda,Glasgow,bar
euromaster,Glasgow,bar
Nuffield Health Glasgow,bar Central Fitness & Wellbeing Centre,Glasgow,bar
Z's Pad,Glasgow,bar
Krish Steven & Donny's,Glasgow,bar
Equator,Glasgow,bar
,Glasgow,bar
,Glasgow,bar
Anglo Eastern,Glasgow,bar
Delizique,Glasgow,bar
aldos,Glasgow,bar
Berkeley 2 Studios,Glasgow,bar
Avis,Glasgow,bar
Braqkenstein,Glasgow,bar
Soundhaus,Glasgow,bar
Quiz Clothing Head Office,Glasgow,bar
Keyboard,Glasgow,bar
Gingerbread Flat,Glasgow,bar
Home of Bread,Glasgow,bar
Marriott,Glasgow,bar
The Menzies Hotel,Glasgow,bar
Chats,Glasgow,bar
15th International Chemical Weapons Demilitarisation Conference,Glasgow,bar
Twirl And Tone Pole Academy,Glasgow,bar
490 Argyle Street,Glasgow,bar
Ross' Flat,Glasgow,bar
Savannah Spa Centre,Glasgow,bar
Europa Building,Glasgow,bar
Signature Brides,Glasgow,bar
velos-IT,Glasgow,bar
Lushest Bed @ Marriott Glasgow,bar Hotel,Glasgow,bar
Kentigern House,Glasgow,bar
europa house,Glasgow,bar
Mackenzie Menswear,Glasgow,bar
Registers Of Scotland,Glasgow,bar
Costa Coffee,Glasgow,bar
Premier Inn,Glasgow,bar
Tropeiro,Glasgow,bar
Lettuce Eat,Glasgow,bar
Teleperformance,Glasgow,bar
beCogent Limited Cadogan,Glasgow,bar
Job Centre Plus City Branch,Glasgow,bar
Invensys Rail,Glasgow,bar
The Flat,Glasgow,bar
Tinfoil Towers,Glasgow,bar
Tesco Express,Glasgow,bar
Scottish Government: Atlantic Quay,Glasgow,bar
DWP Corunna House,Glasgow,bar
Unison Glasgow,bar
The Bridge,Glasgow,bar
Coruna House,Glasgow,bar
Clyde Offices,Glasgow,bar
Upstreet City Hotel,Glasgow,bar
Ch2mhill,Glasgow,bar
First Data,Glasgow,bar
City Car Club Vehicle,Glasgow,bar
Piccolo Mondo,Glasgow,bar
Baltic Chambers,Glasgow,bar
City Sightseeing Tour,Glasgow,bar
Darroch Financial Services,Glasgow,bar
Lightblue UK,Glasgow,bar
LIGHTBLUE - The Brand Adventures Agency,Glasgow,bar
Hymans Robertson,Glasgow,bar
Sugarcube,Glasgow,bar
Young Enterprise Scotland,Glasgow,bar
Cjs flat,Glasgow,bar
Glasgow,bar Central Low Level,Glasgow,bar
Solid Rock Cafe,Glasgow,bar
Platform 16,Glasgow,bar
Bombay Blues,Glasgow,bar
Artto Hotel Glasgow,bar
La Lanterna,Glasgow,bar
Glasgow,bar Cathome,Glasgow,bar
Two Heided Man,Glasgow,bar
26 Hope Street,Glasgow,bar
Qualitas International,Glasgow,bar
Cookies,Glasgow,bar
Atlantic Chambers,Glasgow,bar
bus stop for the 26,Glasgow,bar
Bus Stop 60908,Glasgow,bar
Bonkers,Glasgow,bar
Copenhagen Building,Glasgow,bar
Rearbon's Entertainment,Glasgow,bar
Cafe Ritatza,Glasgow,bar
Glasgow,bar Central Railway Station GLC,Glasgow,bar
Platform 6,Glasgow,bar
Platform 3,Glasgow,bar
Tesco Express,Glasgow,bar
Patisserie Valerie,Glasgow,bar
Costa Coffee,Glasgow,bar
Platform 7,Glasgow,bar
3,Glasgow,bar
Platform 8,Glasgow,bar
Platform 10,Glasgow,bar
Platform 5,Glasgow,bar
Platform 2,Glasgow,bar
Platform 1,Glasgow,bar
Platform 4,Glasgow,bar
Bonapartes,Glasgow,bar
Missing Records,Glasgow,bar
Bagel Factory,Glasgow,bar
Glasgow,bar Central GLC to London Euston EUS,Glasgow,bar
Glasgow,bar Central GLC to Ayr AYR Train,Glasgow,bar
Virgin train from Glasgow,bar
Card land,Glasgow,bar
West Cornwall Pasty Co,Glasgow,bar
AMT Coffee,Glasgow,bar
Millie's Cookies,Glasgow,bar
Millies,Glasgow,bar
Glasgow,bar Central GLC to Edinburgh EDB Train,Glasgow,bar
Francos,Glasgow,bar
Tie Rack Cabin,Glasgow,bar
TransPennine Express,Glasgow,bar
Virgin Trains Messroom Glasgow,bar Central,Glasgow,bar
Glasgow,bar Central GLC to East Kilbride EKL Train,Glasgow,bar
09:00 Glasgow,bar Central - Penzance,Glasgow,bar
Supercuts,Glasgow,bar
Train To East Kilbride,Glasgow,bar
The Royal Scot,Glasgow,bar
CeX,Glasgow,bar
Union Street,Glasgow,bar
Geek Retreat,Glasgow,bar
Rennie Mackintosh Hotel,Glasgow,bar
Calabash,Glasgow,bar
McDonalds Bakers,Glasgow,bar
Glasgow,bar Central GLC to Largs LAR Train,Glasgow,bar
Shaheds,Glasgow,bar
G Force,Glasgow,bar
STUFF,Glasgow,bar
Pitman Training,Glasgow,bar
Poundland,Glasgow,bar
Blancolo Tattoo & Piercing Studio,Glasgow,bar
CEX,Glasgow,bar
Glasgow,bar Central GLC to Lancaster LANTrain,Glasgow,bar
Gamestation,Glasgow,bar
220 Broomielaw,Glasgow,bar
Games Workshop,Glasgow,bar
Cards Galore,Glasgow,bar
Sunset Boulevard Los Angeles,Glasgow,bar
Bus Stop 609030,Glasgow,bar
FirstGlsagow No 9,Glasgow,bar
Union St Bus Stop @ Union Court,Glasgow,bar
609031,Glasgow,bar
Glasgow,bar Central GLC to Greenock Central GKC Train,Glasgow,bar
Bus Stop 609010,Glasgow,bar
Bredito,Glasgow,bar
Yomego,Glasgow,bar
45 Mitchell Street,Glasgow,bar
Tingle Shooter Bar & Cafe,Glasgow,bar
Lychee Oriental,Glasgow,bar
Diamond Dolls,Glasgow,bar
Digimania,Glasgow,bar
Bus Stop 609033,Glasgow,bar
,Glasgow,bar
hmv,Glasgow,bar
DA Group,Glasgow,bar
Sew Easy,Glasgow,bar
My Flat!!,Glasgow,bar
Che Camille,Glasgow,bar
YO! Sushi,Glasgow,bar
Ted Baker,Glasgow,bar
Office Shoes,Glasgow,bar
Cranachan,Glasgow,bar
Accessorize,Glasgow,bar
Mings,Glasgow,bar
Regus,Glasgow,bar
French Connection,Glasgow,bar
Kurt Geiger,Glasgow,bar
MAC Cosmetics,Glasgow,bar
Da Vinci's,Glasgow,bar
House of Fraser,Glasgow,bar
Charles Tyrwhitt,Glasgow,bar
Karen Millen,Glasgow,bar
Hugh's champagne Bar,Glasgow,bar
Timberland Store,Glasgow,bar
3 Store,Glasgow,bar
Caff Nero,Glasgow,bar
Coast,Glasgow,bar
BOSS Store,Glasgow,bar
Jo Malone,Glasgow,bar
USC,Glasgow,bar
Molton Brown,Glasgow,bar
Three,Glasgow,bar
Carphone Warehouse,Glasgow,bar
L'Occitane,Glasgow,bar
Aldo,Glasgow,bar
The SPACE,Glasgow,bar
19:50 From Glasgow,bar Central to Gourock,Glasgow,bar
Club White Sheets,Glasgow,bar
GmbH Shop,Glasgow,bar
Eyecademy,Glasgow,bar
Rumah Joe,Glasgow,bar
mimco,Glasgow,bar
The Lab,Glasgow,bar
Geek Squad,Glasgow,bar
Parker Solutions,Glasgow,bar
Princes Square,Glasgow,bar
Tinderbox,Glasgow,bar
Bread + Butter,Glasgow,bar
The Lab,Glasgow,bar
Zizzi,Glasgow,bar
The Restaurant Bar and Grill,Glasgow,bar
Barca Tapas & Cava Bar,Glasgow,bar
November,Glasgow,bar
Il Pavone,Glasgow,bar
Martin Brown Hair,Glasgow,bar
Buzzy Wares Princes Square,Glasgow,bar
COS,Glasgow,bar
Buzzy's,Glasgow,bar
Le Creuset,Glasgow,bar
Cafe Bom Bon,Glasgow,bar
Darcy's,Glasgow,bar
Pen Shop,Glasgow,bar
Pizza Express,Glasgow,bar
Fifi And Ally,Glasgow,bar
Illuminati,Glasgow,bar
White Company,Glasgow,bar
Dwell,Glasgow,bar
Space NK,Glasgow,bar
Links Of London,Glasgow,bar
irrocco,Glasgow,bar
Ollie & Nic,Glasgow,bar
Kiehl's,Glasgow,bar
Hillhead Subway station,Glasgow,bar
Darcys Cafe Du Mond,Glasgow,bar
phase eight,Glasgow,bar
Arran Aromatics,Glasgow,bar
Crabtree & Evelyn,Glasgow,bar
Darcy's,Glasgow,bar
Karbon,Glasgow,bar
Kurt Geiger,Glasgow,bar
AV9 Limited,Glasgow,bar
Outside Karbon Bar,Glasgow,bar
Fantoosh,Glasgow,bar
National Australia Group,Glasgow,bar
Queen Street,Glasgow,bar
Max's Bar & Grill,Glasgow,bar
Sainsbury's,Glasgow,bar
Guildhall,Glasgow,bar
Ichiban,Glasgow,bar
La Cheetah,Glasgow,bar
Sugar Cube,Glasgow,bar
OKO Express,Glasgow,bar
Subway,Glasgow,bar
Fatface,Glasgow,bar
Osiris,Glasgow,bar
Hellfire,Glasgow,bar
Clydesdale Bank,Glasgow,bar
Belstaff,Glasgow,bar
The Prince's Trust,Glasgow,bar
Nailzone,Glasgow,bar
Jo&oak's House,Glasgow,bar
Damien & Lilith,Glasgow,bar
Blacks,Glasgow,bar
WHSmith,Glasgow,bar
Tempo Tea Bar,Glasgow,bar
Yen Ming's Place,Glasgow,bar
Miller Street,Glasgow,bar
SoHo,Glasgow,bar
Reiss,Glasgow,bar
Priscilla Bridal Shop,Glasgow,bar
Pauline Books & Media,Glasgow,bar
Visage Lifestyle Clinic,Glasgow,bar
Liberty Halls,Glasgow,bar
Virginia Court,Glasgow,bar
Administrate,Glasgow,bar
Charlotte House,Glasgow,bar
Rossi,Glasgow,bar
GI Festival Hub,Glasgow,bar
Glasgow,bar building PreservationnTrust,Glasgow,bar
RG's,Glasgow,bar
Bus Stop - Lanarshire Bound,Glasgow,bar
The Riding Room,Glasgow,bar
Delmonicas,Glasgow,bar
29 Studios,Glasgow,bar
Club X,Glasgow,bar
Dels,Glasgow,bar
The Fort,Glasgow,bar
Telfer Gallery,Glasgow,bar
Ironbbratz,Glasgow,bar
Tobacco Merchants House,Glasgow,bar
Sonojang Flat,Glasgow,bar
43 Virginia Street,Glasgow,bar
63 Virginia Court,Glasgow,bar
Lomond House,Glasgow,bar
Polo Lounge,Glasgow,bar
Bacchus,Glasgow,bar
High And Mighty,Glasgow,bar
The Trades Hall,Glasgow,bar
axm,Glasgow,bar
Blane Valley,Glasgow,bar
Merchant City Music,Glasgow,bar
The Steps Bar,Glasgow,bar
The Spires Serviced Suites,Glasgow,bar
Stewarts Victorian Tearoom,Glasgow,bar
merchants,Glasgow,bar
Art De Cafe,Glasgow,bar
Fabrique,Glasgow,bar
Alan Edwards Salon,Glasgow,bar
Coral,Glasgow,bar
Bennets,Glasgow,bar
Agos Hall RCS,Glasgow,bar
Lauren & Lilys' Pad,Glasgow,bar
Glassford Street Post Office,Glasgow,bar
Byrnsie's Gaffh,Glasgow,bar
Hutcheson Street,Glasgow,bar
Rab Ha's,Glasgow,bar
The Gallery,Glasgow,bar
Scottish Youth Theatre,Glasgow,bar
Venture Photography,Glasgow,bar
Bang & Olufsen,Glasgow,bar
Ewan And Lizzys Penthouse Loveshack,Glasgow,bar
Topher's House,Glasgow,bar
Art Bar,Glasgow,bar
Kat R's,Glasgow,bar
Tinderbox,Glasgow,bar
The Brunswick Hotel,Glasgow,bar
Brutti Ma Buoni,Glasgow,bar
Mccalls Of Glasgow,bar
Tesco Express,Glasgow,bar
Brunswick Street Stage,Glasgow,bar
Frame Agency,Glasgow,bar
Matador Studios,Glasgow,bar
O'Briens,Glasgow,bar
Chez Armour,Glasgow,bar
Yue Hao Chinese Store,Glasgow,bar
Belgica Furniture,Glasgow,bar
118 Brunswick Street,Glasgow,bar
The Old Fruitmarket,Glasgow,bar
City Halls,Glasgow,bar
Dakhin South Indian Kitchen,Glasgow,bar
koolba,Glasgow,bar
the social,Glasgow,bar
Bose,Glasgow,bar
Scottish Music Centre,Glasgow,bar
Chesne Hair,Glasgow,bar
Niche Optical Talior,Glasgow,bar
Student Printing,Glasgow,bar
Ramshorn Theatre,Glasgow,bar
Slater Hogg & Howison,Glasgow,bar
60 Ingram Street,Glasgow,bar
Kiwi Castle,Glasgow,bar
Wigglonia,Glasgow,bar
Patrick Thomas Court,Glasgow,bar
City Car Club Vehicle,Glasgow,bar
Qua,Glasgow,bar
Candleriggs,Glasgow,bar
Box Of Delights,Glasgow,bar
The Headline Building,Glasgow,bar
NCP Ingram Street,Glasgow,bar
The Herald Building,Glasgow,bar
Home Sweet Home ~ Ingram Street Glasgow,bar
Jai And Frai's Flat,Glasgow,bar
155 Albion Street,Glasgow,bar
enoteca,Glasgow,bar
Lombardi's,Glasgow,bar
Ad Lib,Glasgow,bar
Amore,Glasgow,bar
Ingram Wynd,Glasgow,bar
Italian Kitchen,Glasgow,bar
The Bitchin' Balcony,Glasgow,bar
Brooklyn Bar & Grill,Glasgow,bar
Blom Gaffe,Glasgow,bar
databusters data recovery Glasgow,bar
Sapporo Teppanyaki,Glasgow,bar
Jee's Bachelorette Pad,Glasgow,bar
Tanz 'n' Handz,Glasgow,bar
G1 Serviced Apartments,Glasgow,bar
Chez Robertson et Buchanan,Glasgow,bar
Aldi,Glasgow,bar
Asya's Glaswegian Room,Glasgow,bar
Home,Glasgow,bar
High Street,Glasgow,bar
Glasgow,bar Life Headquarters,Glasgow,bar
Merchant Chippie,Glasgow,bar
Fish & Chips,Glasgow,bar
Bacon Butty,Glasgow,bar
Div & Katy's flat :,Glasgow,bar
Be Central,Glasgow,bar
Ruby's Future,Glasgow,bar
Asya's Room,Glasgow,bar
Osteria,Glasgow,bar
High Street Railway Station HST,Glasgow,bar
home,Glasgow,bar
Curry Heaven,Glasgow,bar
Collegelands,Glasgow,bar
Duke Wynd,Glasgow,bar
Charlottes flat,Glasgow,bar
Street Cafe,Glasgow,bar
Wellpark Brewery,Glasgow,bar
Molendinar Hospitality Suite,Glasgow,bar
CHM Scotland,Glasgow,bar
The Scottish Hydro Arena,Glasgow,bar
McColl's,Glasgow,bar
Cyldeport,Glasgow,bar
E1 Towers,Glasgow,bar
Uni Home,Glasgow,bar
Skypark,Glasgow,bar
Trust Deed Scotland,Glasgow,bar
Deco Cafe,Glasgow,bar
e4e Interactive Entertainment,Glasgow,bar
thrifty,Glasgow,bar
Barone,Glasgow,bar
Victor Devine & Co,Glasgow,bar
Glaasgow,Glasgow,bar
Anderston Footbridge,Glasgow,bar
A814,Glasgow,bar
Anderston Railway Station AND,Glasgow,bar
North Lanarkshire Council,Glasgow,bar
Marriot Hotel Leisure Centre,Glasgow,bar
Leisure Club @ Marriott Glasgow,bar
Source Grill @ Marriott Glasgow,bar
Starbucks Marriott Glasgow,bar
Executive Floor At Glasgow,bar Marriott Hotel,Glasgow,bar
Douglas street Glasgow,bar
Marriott Glasgow,bar 5th Floor,Glasgow,bar
Hilton Worldwide Corporate Office,Glasgow,bar
Cadogan Square,Glasgow,bar
Menzies Hotel Glasgow,bar
AQ Canteen,Glasgow,bar
Sentinel Building,Glasgow,bar
Ultralase,Glasgow,bar
Where The Monkey Sleepa,Glasgow,bar
Mentalpoint HQ,Glasgow,bar
Hotel Indigo,Glasgow,bar
Subway,Glasgow,bar
Latta & Co,Glasgow,bar
Limelight Bar at Hotel Indigo,Glasgow,bar
Direct Line,Glasgow,bar
Q-Park,Glasgow,bar
Atos Healthcare,Glasgow,bar
FirstGlasgow,bar No X8,Glasgow,bar
Operetta,Glasgow,bar
DVLA,Glasgow,bar
JPMorgan,Glasgow,bar
Princes House,Glasgow,bar
Dunnoon Glasgow,bar Scotland,Glasgow,bar
Alhambra House,Glasgow,bar
esure,Glasgow,bar
Teekay Shipping LTD Glasgow,bar
Highlander House,Glasgow,bar
O'Briens,Glasgow,bar
JPMorgan Lunch Room,Glasgow,bar
Nfu Mutual,Glasgow,bar
Kudos,Glasgow,bar
Atrium Court,Glasgow,bar
JP Morgan Glasgow,bar
Weir Group,Glasgow,bar
Food2Go,Glasgow,bar
Accessorize,Glasgow,bar
Meridian Court,Glasgow,bar
Scottish Enterprise,Glasgow,bar
SD&I Batcave,Glasgow,bar
Clydesdale Bank,Glasgow,bar
SDS Comms,Glasgow,bar
centenary house,Glasgow,bar
Breakout Room Level 5 Alhambra House,Glasgow,bar
New office,Glasgow,bar
Fifi and Ally,Glasgow,bar
centenary house,Glasgow,bar
Caff Nero,Glasgow,bar
Rhoderick Dhu,Glasgow,bar
The Hope,Glasgow,bar
Central Chambers,Glasgow,bar
Tempus Bar and Restaurant | Grand Central Hotel,Glasgow,bar
Pivo Pivo,Glasgow,bar
The Ocean Rooms Spa,Glasgow,bar
Drop,Glasgow,bar
SSE Waterloo Street,Glasgow,bar
Aria Caf Bar,Glasgow,bar
J Johnstone,Glasgow,bar
Create Forty Eight Graphic Design Studio,Glasgow,bar
Dino,Glasgow,bar
Boom,Glasgow,bar
The Recruitment Line HQ - Recruitment Solutions For The Direct Sales Industry,Glasgow,bar
Glasgow,bar Central Chiropractic and Health Clinic,Glasgow,bar
Scottish Daily Mail,Glasgow,bar
Grand Central Hotel,Glasgow,bar
Burger King,Glasgow,bar
Champagne Central | Grand Central Hotel,Glasgow,bar
Marks & Spencer Simply Food,Glasgow,bar
The Central Bar,Glasgow,bar
Boots,Glasgow,bar
Athena Greek Taverna,Glasgow,bar
The Body Shop,Glasgow,bar
Pret,Glasgow,bar
Bank Of Scotland,Glasgow,bar
The Arrol,Glasgow,bar
WHSmith,Glasgow,bar
Maryhill Vintage Bike Store,Glasgow,bar
Deli Central | Grand Central Hotel,Glasgow,bar
Taxi Rank Gordon Street,Glasgow,bar
Delice de France,Glasgow,bar
Ladbrokes,Glasgow,bar
International Currency Exchange,Glasgow,bar
Upper Crust,Glasgow,bar
Starbucks,Glasgow,bar
Nisa - News 24,Glasgow,bar
Paisley Train,Glasgow,bar
Code Glasgow,bar
Glasgow,bar Central GLC to Wemyss Bay WYB,Glasgow,bar
Left Luggage,Glasgow,bar
Glasgow,bar Central GLC to Oban OBN Train,Glasgow,bar
Boyle Shaughnessy,Glasgow,bar
Creepy Fireman Statue,Glasgow,bar
Bus Stop 60909,Glasgow,bar
that mad tattoo parlor where they dae piercins fur a tenner,Glasgow,bar
Busstop 60903519,Glasgow,bar
Hair By Hanlon,Glasgow,bar
Glasgow,bar
Grasshopper Hotel,Glasgow,bar
Taco Mazama,Glasgow,bar
The Co-operative Food,Glasgow,bar
Caff Nero,Glasgow,bar
Greggs,Glasgow,bar
Greggs,Glasgow,bar
bar groove,Glasgow,bar
Burger King,Glasgow,bar
Subway,Glasgow,bar
Blue Lagoon,Glasgow,bar
Rebel Rebel,Glasgow,bar
King's Lodge,Glasgow,bar
Age Scotland,Glasgow,bar
Rohan,Glasgow,bar
RBS,Glasgow,bar
food to go,Glasgow,bar
FINEHOLM,Glasgow,bar
Awakening Senses,Glasgow,bar
Tie Rack,Glasgow,bar
Timpson,Glasgow,bar
Carphone Warehouse,Glasgow,bar
Glasgow,bar Central GLC to Birmingham New Street BHM Train,Glasgow,bar
Eurohostel,Glasgow,bar
Ca'd'oro Building,Glasgow,bar
Stairway Club,Glasgow,bar
Satellite 3,Glasgow,bar
111 Union Street,Glasgow,bar
Transcendental meditation centre,Glasgow,bar
Quiznos Sub,Glasgow,bar
Swallow Brae,Glasgow,bar
Starbucks Glasgow,bar Central Station,Glasgow,bar
Riverhill Coffee Bar,Glasgow,bar
Pret A Manger,Glasgow,bar
EAT,Glasgow,bar
Barolo Grill,Glasgow,bar
The Ringmaker,Glasgow,bar
Cath Kidston,Glasgow,bar
The Co-operative Bank,Glasgow,bar
Tunnel,Glasgow,bar
Oddbins - Mitchell Street,Glasgow,bar
NCP,Glasgow,bar
GNC Sports Nutrition,Glasgow,bar
Johnson Cleaners,Glasgow,bar
Indigo Sun,Glasgow,bar
Doocot,Glasgow,bar
MAKLAB,Glasgow,bar
Zen Agency,Glasgow,bar
Scottish Drugs Forum,Glasgow,bar
GUCCI,Glasgow,bar
Jodie's Jewellery Boutique,Glasgow,bar
Juice Box,Glasgow,bar
Dunning Design,Glasgow,bar
Robertson,Glasgow,bar
Play,Glasgow,bar
Inspired Cvs,Glasgow,bar
JE Marr & Co,Glasgow,bar
Miss Cranston's Tearoom,Glasgow,bar
Occupational Health Works,Glasgow,bar
Wongthip Home's,Glasgow,bar
Glenton Holidays,Glasgow,bar
L'Ariosto,Glasgow,bar
,Glasgow,bar
Buchanan Street,Glasgow,bar
The Lighthouse,Glasgow,bar
Republic Bier Halle,Glasgow,bar
TGI Friday's,Glasgow,bar
Pinto Mexican Kitchen,Glasgow,bar
Bar 10,Glasgow,bar
Bar Soba,Glasgow,bar
The Willow Tea Rooms,Glasgow,bar
Greaves Sports,Glasgow,bar
AllSaints,Glasgow,bar
Lush,Glasgow,bar
Timpson,Glasgow,bar
Mountain Warehouse,Glasgow,bar
O2,Glasgow,bar
Raeside + Chisholm Solicitors Limited,Glasgow,bar
Vodafone,Glasgow,bar
Thomas Cook,Glasgow,bar
Royal Bank of Scotland,Glasgow,bar
Hilton Excelsior,Glasgow,bar
Vivienne Westwood,Glasgow,bar
Whittard of Chelsea,Glasgow,bar
Monsoon,Glasgow,bar
Santander,Glasgow,bar
Sabio Support Centre,Glasgow,bar
DLC,Glasgow,bar
Ross's Bar,Glasgow,bar
Carphone Warehouse,Glasgow,bar
The PUMA Store Glasgow,bar
nails inc,Glasgow,bar
John McIntyre & Son,Glasgow,bar
Thomson,Glasgow,bar
The Station Bar,Glasgow,bar
Bench,Glasgow,bar
Ruag,Glasgow,bar
D8 design,Glasgow,bar
The Universal,Glasgow,bar
TARDIS,Glasgow,bar
Starbucks,Glasgow,bar
Di Maggio's,Glasgow,bar
Caf Rouge,Glasgow,bar
29 Private Members Club,Glasgow,bar
Zizzi's Royal Exchange Square,Glasgow,bar
The Chippy Doon the Lane,Glasgow,bar
The Social,Glasgow,bar
Rogano,Glasgow,bar
dune,Glasgow,bar
Nationwide Building Society,Glasgow,bar
Hobbs,Glasgow,bar
One Up,Glasgow,bar
The Shimmy,Glasgow,bar
Thomas Pink Ltd,Glasgow,bar
Common,Glasgow,bar
Secret Location,Glasgow,bar
The Modern Institute,Glasgow,bar
The Fruit Shop,Glasgow,bar
Lewis Group,Glasgow,bar
Gallery of Modern Art,Glasgow,bar
Royal Exchange Square,Glasgow,bar
Costa Coffee,Glasgow,bar
Art Store,Glasgow,bar
Library At GOMA,Glasgow,bar
The Grill At The Square,Glasgow,bar
first bus,Glasgow,bar
Neal's Yard,Glasgow,bar
Radley,Glasgow,bar
Rainbow Room International,Glasgow,bar
Bruschetta,Glasgow,bar
Wellington Statue,Glasgow,bar
Wellington Statue,Glasgow,bar
Oxfam Books Merchant City,Glasgow,bar
Henry Healy,Glasgow,bar
hermes,Glasgow,bar
Al fresco cafe,Glasgow,bar
The WESTERN Club | Private members,Glasgow,bar
The Beauty Store,Glasgow,bar
Battlefield Gym,Glasgow,bar
Royal Exchange Court,Glasgow,bar
Inferno,Glasgow,bar
Exchange Coffee Shop,Glasgow,bar
LK Bennett,Glasgow,bar
Baguette Express,Glasgow,bar
,Glasgow,bar
MYO,Glasgow,bar
- 208,Glasgow,bar
Brasserie Grard,Glasgow,bar
Pinto Mexican Grill,Glasgow,bar
Pizza Express,Glasgow,bar
Mulberry,Glasgow,bar
The Pub,Glasgow,bar
Food Fillas,Glasgow,bar
Bravissimo,Glasgow,bar
Ingram street bus stop 609067,Glasgow,bar
Colliers International,Glasgow,bar
Bus Stop,Glasgow,bar
Foot Solutions,Glasgow,bar
Newsbox,Glasgow,bar
GSPC,Glasgow,bar
Illumina Digital,Glasgow,bar
55degrees,Glasgow,bar
The Corinthian,Glasgow,bar
Mercure Hotel,Glasgow,bar
Wee Guy's,Glasgow,bar
Pretty Green - Glasgow,bar
Bagio Mercure Hotel,Glasgow,bar
JDH Salon,Glasgow,bar
Cruise,Glasgow,bar
,Glasgow,bar
,Glasgow,bar
Ralph Lauren,Glasgow,bar
Bus Stop 609067,Glasgow,bar
Aveda,Glasgow,bar
Bupa Centre Glasgow,bar
Allsaints,Glasgow,bar
Ramada Hotel,Glasgow,bar
Baby Scanning Ltd,Glasgow,bar
Jeagar,Glasgow,bar
Piper On The Square,Glasgow,bar
DNA,Glasgow,bar
Cruz,Glasgow,bar
Fressh,Glasgow,bar
Soluis,Glasgow,bar
Charlie Parkers @ The Corinthian,Glasgow,bar
Saco Apartments,Glasgow,bar
My Bit,Glasgow,bar
Agent Provocateur,Glasgow,bar
GlasDroid,Glasgow,bar
Bose Glasgow,bar
City Car Club Vehicle,Glasgow,bar
2Fluid,Glasgow,bar
Marc's flat,Glasgow,bar
John Street,Glasgow,bar
The Underground Bar,Glasgow,bar
Committee Room No9,Glasgow,bar
Speakeasy,Glasgow,bar
Tony Macaroni,Glasgow,bar
Piazza Italia,Glasgow,bar
Katie's bar,Glasgow,bar
Trophy Room,Glasgow,bar
Metro,Glasgow,bar
Mediterraneo,Glasgow,bar
Italian Centre,Glasgow,bar
SIMUL8 Corp,Glasgow,bar
Ingram Street,Glasgow,bar
Primo Gentlemens Barber,Glasgow,bar
Milk,Glasgow,bar
FHQ,Glasgow,bar
Centro Italiano,Glasgow,bar
Azzimo,Glasgow,bar
Scene,Glasgow,bar
Ever Home,Glasgow,bar
Cochrane Street,Glasgow,bar
PBA Glasgow,bar
HMRC Enquiry Office,Glasgow,bar
J F Kennedy Boulevard,Glasgow,bar
GCC Education Dept,Glasgow,bar
Tiffany's,Glasgow,bar
The Bridal Studio,Glasgow,bar
Cotton House,Glasgow,bar
Wheatley House,Glasgow,bar
Ingram Street Car Park,Glasgow,bar
Wheatley House,Glasgow,bar
Dreamhouse Apartments Merchant City Glasgow,bar
Ramshorn Kirkyard,Glasgow,bar
Govan Mbeki Fairtrade Cafe,Glasgow,bar
Press Bar,Glasgow,bar
The Albion Clinic,Glasgow,bar
Reseaech & Knowledge Exchange Services University Of Strathclyde,Glasgow,bar
Graven Images,Glasgow,bar
The Hob,Glasgow,bar
Sir William Duncan Building,Glasgow,bar
Bargo,Glasgow,bar
Flat 6/5,Glasgow,bar
Scottish Universities Insight Institute,Glasgow,bar
Dentist,Glasgow,bar
Thomas' Place,Glasgow,bar
Graven,Glasgow,bar
James Hughes Salon,Glasgow,bar
Pad & Toms Place,Glasgow,bar
McCune Smith Deli,Glasgow,bar
Taj Mahal,Glasgow,bar
Vital Smile,Glasgow,bar
Cupids Executive Club,Glasgow,bar
Karada Massage Therapy,Glasgow,bar
Access,Glasgow,bar
Old College Bar,Glasgow,bar
Ladywell Crystals & Healing,Glasgow,bar
23 Enigma,Glasgow,bar
The Duchy,Glasgow,bar
Allcall office,Glasgow,bar
@ a penny for water,Glasgow,bar
Funky Dunky's Fudge Factory,Glasgow,bar
Rachel Flat,Glasgow,bar
Eugene's Place,Glasgow,bar
Home merchant city,Glasgow,bar
Lovely Lee's Lair,Glasgow,bar
NH208,Glasgow,bar
A135,Glasgow,bar
Flat,Glasgow,bar
Home,Glasgow,bar
christines gaff :,Glasgow,bar
BBC Good Food Show,Glasgow,bar
Platform 2,Glasgow,bar
Platform 1,Glasgow,bar
Capita O2,Glasgow,bar
Clydeside Expressway,Glasgow,bar
Social Media Week Glasgow,bar
Epilepsy Research Centre,Glasgow,bar
F-30-04,Glasgow,bar
Threads of Sound,Glasgow,bar
MacCallums of Troon Fishmongers,Glasgow,bar
@sipp,Glasgow,bar
Thomson Reuters,Glasgow,bar
Vships Marine Travel Services,Glasgow,bar
Home,Glasgow,bar
Michael's Flat,Glasgow,bar
Cranston Towers,Glasgow,bar
Phones 4u,Glasgow,bar
Amanda's Place,Glasgow,bar
Hooome :,Glasgow,bar
Magical Computerland,Glasgow,bar
Two Fat Ladies,Glasgow,bar
The Buttery,Glasgow,bar
The Shandon Belles,Glasgow,bar
St Patrick's Primary School,Glasgow,bar
Gelateria,Glasgow,bar
Minskys New York Brasserie the Hilton,Glasgow,bar
Hilton Glasgow,bar - Executive Lounge,Glasgow,bar
The Bridge To Everywhere,Glasgow,bar
Morblas Restaurant,Glasgow,bar
Fitness@Hilton,Glasgow,bar
BT: Dial House,Glasgow,bar
Marriot Hotel - Floor 7,Glasgow,bar
Dial House,Glasgow,bar
Ocean Spa,Glasgow,bar
Happy Birthday,Glasgow,bar
loon fung,Glasgow,bar
Taxi,Glasgow,bar
TSG Workshop,Glasgow,bar
Johns,Glasgow,bar
Eagle Centre,Glasgow,bar
Zurich Financial Services,Glasgow,bar
Penna,Glasgow,bar
Shell Business Service Centre,Glasgow,bar
Paninis,Glasgow,bar
PwC - Glasgow,bar
HSBC,Glasgow,bar
141 Bothwell st,Glasgow,bar
The Edward Wylie Wetherspoon,Glasgow,bar
Waterloo St X76/77 Stop,Glasgow,bar
The Admiral,Glasgow,bar
Jacobs Engineering,Glasgow,bar
Limelight Bar & Grill,Glasgow,bar
McCurrach,Glasgow,bar
Resurgence of Trout,Glasgow,bar
Bus stop 6090192,Glasgow,bar
Holm Street X West Campbell Street,Glasgow,bar
Waterloo Street 60903598,Glasgow,bar
Get Trained Scotland's Glasgow,bar office,Glasgow,bar
350 argyle st,Glasgow,bar
Gamma Telecom,Glasgow,bar
the opera,Glasgow,bar
Hays Blythswood Sq,Glasgow,bar
G2 6 PH,Glasgow,bar
SNS Group,Glasgow,bar
Live At The Star,Glasgow,bar
Faith Mission Bookshop,Glasgow,bar
Ignis Asset Management,Glasgow,bar
Bothwell Street,Glasgow,bar
Philpotts,Glasgow,bar
Marks & Spencer Simply Food,Glasgow,bar
Viva Brazil,Glasgow,bar
Costa Coffee,Glasgow,bar
Metro,Glasgow,bar
Pret A Manger,Glasgow,bar
Viva Ristorante,Glasgow,bar
Superdrug,Glasgow,bar
Run 4 It,Glasgow,bar
Run 4 It,Glasgow,bar
D A Calder,Glasgow,bar
Idox Plc Glasgow,bar
alexander sloan,Glasgow,bar
Spectrum Building,Glasgow,bar
The Bothy SLC,Glasgow,bar
TM Lewin,Glasgow,bar
Mercantile,Glasgow,bar
Beauty and Nails,Glasgow,bar
Time Assistant HQ,Glasgow,bar
Sage,Glasgow,bar
Red Lion,Glasgow,bar
The Grill On The Corner,Glasgow,bar
Starbucks,Glasgow,bar
Sainsbury's Local,Glasgow,bar
Madness Theatre of Fun,Glasgow,bar
The Edward Wylie Wetherspoon,Glasgow,bar
Wellington Street,Glasgow,bar
Pizza Crolla,Glasgow,bar
The Go Group Business & Training Centre,Glasgow,bar
Capita Hartshead,Glasgow,bar
Go Centre,Glasgow,bar
PSVita Launch Event,Glasgow,bar
Randstad care,Glasgow,bar
Blackhousecouk,Glasgow,bar
2nd Floor Mercantile Chambers - Social Media Week,Glasgow,bar
Quotables HQ,Glasgow,bar
Purity IT,Glasgow,bar
75 Bothwell Street,Glasgow,bar
Purity IT,Glasgow,bar
Crumbs,Glasgow,bar
Toby Jug,Glasgow,bar
Bella Italia,Glasgow,bar
Got the Munchies,Glasgow,bar
Bus Stop No60903519,Glasgow,bar
Cheque Centre,Glasgow,bar
,Glasgow,bar
Bus Stop Hope St,Glasgow,bar
Fit Body Boot Camp,Glasgow,bar
Glasgow,bar International School Of English Language,Glasgow,bar
The Glasgow,bar Kilt Shop,Glasgow,bar
Chapter House Cafe @ Wesley Owen,Glasgow,bar
6central,Glasgow,bar
City Car Club Vehicle,Glasgow,bar
Stereo,Glasgow,bar
Santander,Glasgow,bar
Ad Lib,Glasgow,bar
The Old Hairdressers,Glasgow,bar
Hope Street,Glasgow,bar
St Vincent Street Hope Street,Glasgow,bar
123 StVincent Street,Glasgow,bar
Laurie's,Glasgow,bar
Barolo Grill Beer Garden,Glasgow,bar
Jack Mcphee,Glasgow,bar
Craig Andrew Hairdressing,Glasgow,bar
Harper Macleod LLP,Glasgow,bar
Reardens,Glasgow,bar
Mcginn,Glasgow,bar
Newsbox,Glasgow,bar
Esquires,Glasgow,bar
130 St Vincent Street,Glasgow,bar
Rebecca Torres,Glasgow,bar
bus stop,Glasgow,bar
Standard Building,Glasgow,bar
Royal Glasgow,bar Institute of Fine Arts Kelly Gallery,Glasgow,bar
Usa nails,Glasgow,bar
Working Links,Glasgow,bar
Real Uncles House Citycentre,Glasgow,bar
Piglets,Glasgow,bar
Go Group,Glasgow,bar
Urban UK,Glasgow,bar
Scottish Local Offices,Glasgow,bar
Drum & Monkey,Glasgow,bar
Turnberry House,Glasgow,bar
China Sea,Glasgow,bar
Steampunk Cafe,Glasgow,bar
Charcoals,Glasgow,bar
QA,Glasgow,bar
Yue Hao Supermarket,Glasgow,bar
Replay,Glasgow,bar
cafe express,Glasgow,bar
Cafe Fresh,Glasgow,bar
,Glasgow,bar
Renfield Street Dental Care,Glasgow,bar
Platinum Lace,Glasgow,bar
Orthidontis,Glasgow,bar
No 26 Bus McGill's,Glasgow,bar
le drapeau noir,Glasgow,bar
Black & Lizars,Glasgow,bar
Renfield St Careers Scotland Centre,Glasgow,bar
Baguette Express,Glasgow,bar
The Dental Clinic,Glasgow,bar
HBOS,Glasgow,bar
Somerfield,Glasgow,bar
sk:n,Glasgow,bar
Central News,Glasgow,bar
Saks,Glasgow,bar
Clements,Glasgow,bar
Hotel Chocolat,Glasgow,bar
Heavenly Pole,Glasgow,bar
The Horse Shoe Bar,Glasgow,bar
Costa Coffee,Glasgow,bar
Carluccio's,Glasgow,bar
Vespbar,Glasgow,bar
360CRM Office,Glasgow,bar
China Buffet King,Glasgow,bar
Greggs,Glasgow,bar
Curle Stewart LLP,Glasgow,bar
Patisserie Valerie West Nile Street,Glasgow,bar
Failte,Glasgow,bar
BPP Professional Education,Glasgow,bar
HSBC,Glasgow,bar
The mens store,Glasgow,bar
Paperino's,Glasgow,bar
Mr Pretzel,Glasgow,bar
Aspecto,Glasgow,bar
Fat Buddha Store,Glasgow,bar
The Progressive View,Glasgow,bar
Kavanagh Coyle Ltd,Glasgow,bar
News plus,Glasgow,bar
Clark Boyle & Co,Glasgow,bar
360innovate,Glasgow,bar
Sony Centre,Glasgow,bar
Bradfords Family Bakers and Confectioners,Glasgow,bar
Chelford sap,Glasgow,bar
TSB Bank,Glasgow,bar
O'henrys,Glasgow,bar
Alliance & Leicester,Glasgow,bar
Rumours Kopitiam,Glasgow,bar
All Bar One,Glasgow,bar
St Vincent Street Post Office,Glasgow,bar
Pesto,Glasgow,bar
Patisserie Valerie,Glasgow,bar
TSB Bank,Glasgow,bar
Pesto Italian Restaurants,Glasgow,bar
RBS,Glasgow,bar
Russell & Bromley,Glasgow,bar
Long Tall Sally,Glasgow,bar
Slanj,Glasgow,bar
Halifax Bank of Scotland,Glasgow,bar
The Fruit Canteen,Glasgow,bar
Drury Street Renfield Street,Glasgow,bar
City News,Glasgow,bar
Tontine house,Glasgow,bar
Web Energy,Glasgow,bar
Pizza gaffe,Glasgow,bar
Apple Store,Glasgow,bar
Starbucks,Glasgow,bar
St Vincent Street,Glasgow,bar
Clydesdale Bank Head Office,Glasgow,bar
Diesel,Glasgow,bar
Prezzo,Glasgow,bar
Jack Wills,Glasgow,bar
Urban Bar & Brasserie,Glasgow,bar
The Style Mile,Glasgow,bar
Glasgow,bar Scotland,Glasgow,bar
Bibi's Bakery,Glasgow,bar
Hilton,Glasgow,bar
James Pringle Weavers,Glasgow,bar
Tiso,Glasgow,bar
Phones4u,Glasgow,bar
Topman,Glasgow,bar
Fat Frog Social Media Ltd,Glasgow,bar
Hector Russell Kiltmaker,Glasgow,bar
St Vincent Place,Glasgow,bar
O'connors,Glasgow,bar
TM Lewin,Glasgow,bar
3D Map,Glasgow,bar
Sooooug <3,Glasgow,bar
Turris,Glasgow,bar
Charlie Brown's,Glasgow,bar
48 St Vincent Street,Glasgow,bar
Rainbow Room International,Glasgow,bar
Cirque bar,Glasgow,bar
Jones Bootmaker,Glasgow,bar
Bus Stop 6090175,Glasgow,bar
Molly malones,Glasgow,bar
Westerwood Golf Course,Glasgow,bar
Bto,Glasgow,bar
Glasgow,bar Chiropractic,Glasgow,bar
iPhone 5 Queue,Glasgow,bar
Pink,Glasgow,bar
Clarins Skin Spa,Glasgow,bar
Trevor Chisman,Glasgow,bar
Jade Garden,Glasgow,bar
Relax & Renew,Glasgow,bar
D8 Digital,Glasgow,bar
United Colors of Benetton,Glasgow,bar
ISO Design,Glasgow,bar
Skipton Building Society,Glasgow,bar
Caf Andaluz,Glasgow,bar
The Auctioneers,Glasgow,bar
Subway,Glasgow,bar
Glasgow,bar News,Glasgow,bar
St Vincent Street Bus Stop 609075,Glasgow,bar
The Counting House Wetherspoon,Glasgow,bar
Pret A Manger,Glasgow,bar
Drouthy's,Glasgow,bar
Red Karpers crib,Glasgow,bar
La Vita Pizzeria,Glasgow,bar
Eli,Glasgow,bar
Olympic House,Glasgow,bar
Rainbow Room International,Glasgow,bar
Tourist Information Center,Glasgow,bar
Greggs,Glasgow,bar
Glasgow,bar Chamber of Commerce,Glasgow,bar
Winterfest George Square,Glasgow,bar
Max Serviced Apartments,Glasgow,bar
Merchant City Dental,Glasgow,bar
James Duns House,Glasgow,bar
LoFi studios,Glasgow,bar
Merchant's House,Glasgow,bar
BUPA Occupational Health Centre,Glasgow,bar
Susanne Christyne Bridal,Glasgow,bar
jamaica,Glasgow,bar
Scott's Pad,Glasgow,bar
Lo Fi,Glasgow,bar
Greater Glasgow,bar & Clyde Valley Tourist Board,Glasgow,bar
Ingram Bar,Glasgow,bar
Hannah + Liam's,Glasgow,bar
Anderson Strathern,Glasgow,bar
Registers of Scotland,Glasgow,bar
Barony Bar,Glasgow,bar
Juntion Bar,Glasgow,bar
Phoenix Pub & Grill,Glasgow,bar
George Square,Glasgow,bar
Jamie's Italian,Glasgow,bar
Deloitte,Glasgow,bar
Lomond House,Glasgow,bar
Glasgow,bar City Sightseeing Tour,Glasgow,bar
Georgics,Glasgow,bar
Starstich,Glasgow,bar
Ernst & Young,Glasgow,bar
G1 Building,Glasgow,bar
Rabbie's Trail Burners Tours,Glasgow,bar
Fat Face,Glasgow,bar
Watches Of Switzerland,Glasgow,bar
Caffe Nero,Glasgow,bar
Sir Walter Scott Monument,Glasgow,bar
Strathclyde University Muslim Student Association SUMSA,Glasgow,bar
Centre For Sports Recreation,Glasgow,bar
Crabtree & Evelyn,Glasgow,bar
Glasgow,bar On Ice,Glasgow,bar
Glasgow,bar's Most Benign Protest Ever,Glasgow,bar
Great scottish run,Glasgow,bar
J F Kennedy BV 16th St,Glasgow,bar
J F Kennedy Bl,Glasgow,bar
City Chambers,Glasgow,bar
Browns,Glasgow,bar
Blue Inc,Glasgow,bar
AFCO,Glasgow,bar
Glasgow,bar City Council Financial Services,Glasgow,bar
Johnnies,Glasgow,bar
Platform 8 Glasgow,bar Queen Street  Lower Level,Glasgow,bar
mccools,Glasgow,bar
Royal Navy recruitment centre,Glasgow,bar
Pratama's 6/3 70 Queen Street Glasgow,bar
Arch St 15th Street,Glasgow,bar
Pratama's Palace,Glasgow,bar
Witherspoons,Glasgow,bar
Glasgow,bar City Council,Glasgow,bar
Plum Tree,Glasgow,bar
Hospital Park,Glasgow,bar
Parish Halls,Glasgow,bar
Shuropody,Glasgow,bar
Bus Stop 609089,Glasgow,bar
Royal College Pool - Strathclyde Uni,Glasgow,bar
Premier Inn,Glasgow,bar
Royal College,Glasgow,bar
STA Travel,Glasgow,bar
DRS,Glasgow,bar
Glasgow,bar Marketing Bureau,Glasgow,bar
NCP George St,Glasgow,bar
Madame Feefee's Slap & Tickle Club,Glasgow,bar
University of Strathclyde,Glasgow,bar
Dakhin,Glasgow,bar
Mature Students Association,Glasgow,bar
Collins Building,Glasgow,bar
McCance Building,Glasgow,bar
Greggs,Glasgow,bar
The Co-operative Food,Glasgow,bar
Pizza Hut,Glasgow,bar
Roland Butter,Glasgow,bar
Turnbull building University of Strathclyde,Glasgow,bar
SRG LLP,Glasgow,bar
MCanc Buliding,Glasgow,bar
Livingstone Tower,Glasgow,bar
AURIL Association for University Research and industry Links,Glasgow,bar
Graham Hills Building,Glasgow,bar
Joanna Goodbite,Glasgow,bar
Sainsbury's Local,Glasgow,bar
West Of Scotland KTP Centre,Glasgow,bar
Madisons - Food To Go,Glasgow,bar
Bus Stop 609091,Glasgow,bar
Spirit Lettings & Sales Ltd,Glasgow,bar
A & J Ralston Timber Window Solutions,Glasgow,bar
Graham Hills Building University of Strathclyde,Glasgow,bar
James Blyth Court,Glasgow,bar
G5/H6,Glasgow,bar
Thomas Campbell Court,Glasgow,bar
Yannie's,Glasgow,bar
G11 Jbc,Glasgow,bar
Scottish Care and Information on Miscarriage,Glasgow,bar
 Friends Chinese Cafe,Glasgow,bar
James Young Hall University Of Strathclyde,Glasgow,bar
Shout Bamalama,Glasgow,bar
Barony Hall,Glasgow,bar
Deni's Fish Bar,Glasgow,bar
Star Cafe,Glasgow,bar
our house,Glasgow,bar
Ashraf Bazar,Glasgow,bar
Exhibition Centre Railway Station EXG,Glasgow,bar
Robins & Day Glasgow,bar
Citroen Glasgow,bar
GSA,Glasgow,bar
The Maniac's Palace,Glasgow,bar
Skypark | Glasgow,bar School of Art,Glasgow,bar
Where The Monkey Sleeps,Glasgow,bar
Citron Glasgow,bar
Wtms Art School @ Sky Park,Glasgow,bar
John's Flat,Glasgow,bar
McCallums,Glasgow,bar
St vincent terrace flats,Glasgow,bar
Upstreet City West Apartments Glasgow,bar
Trainy,Glasgow,bar
My House,Glasgow,bar
Ash's cosy wee house :,Glasgow,bar
bed<3,Glasgow,bar
Mumma's house,Glasgow,bar
Ashley And Steven's Party Pad,Glasgow,bar
The Large Comfy Bed My/Steven's Bed,Glasgow,bar
Connich Bar,Glasgow,bar
Sanctuary scotland,Glasgow,bar
Wsp's van,Glasgow,bar
St Patrick's Church,Glasgow,bar
Livingwell Hilton Glasgow,bar
Scottish Opera rehearsal rooms,Glasgow,bar
Hilton Glasgow,bar Hotel,Glasgow,bar
Ballroom Hilton Hotel,Glasgow,bar
Hilton Glasgow,bar - Ballroom,Glasgow,bar
Connich Bar,Glasgow,bar
Bus Stop 609080 Glasgow,bar
Santander House,Glasgow,bar
King Tuts Wah Wah Hut,Glasgow,bar
Royal College Of Physicians And Surgeons Glasgow,bar
Charing Cross Railway Station CHC,Glasgow,bar
278 Coffee House,Glasgow,bar
Claire's Flat,Glasgow,bar
St Vincent St bus stop #609079,Glasgow,bar
Shine,Glasgow,bar
Isa Music,Glasgow,bar
St Vincent Street Church,Glasgow,bar
Barclays,Glasgow,bar
Aurora Building,Glasgow,bar
The Pinnacle,Glasgow,bar
Barclays Wealth,Glasgow,bar
Aggreko PLC,Glasgow,bar
Adelaides Nursery,Glasgow,bar
Burness LLP,Glasgow,bar
Max Serviced Apartments,Glasgow,bar
the Fruit Canteen,Glasgow,bar
Habitat,Glasgow,bar
City Centre Dental Care,Glasgow,bar
Cigna,Glasgow,bar
250 St Vincent Street,Glasgow,bar
Offshore Renewable Energy Catapult,Glasgow,bar
Pit Stop Diner,Glasgow,bar
St Vincent street flats,Glasgow,bar
Craig Corporate,Glasgow,bar
Mamba,Glasgow,bar
SFHA,Glasgow,bar
Unum,Glasgow,bar
Student Loans,Glasgow,bar
Abbey Business Centres,Glasgow,bar
218 St Vincent Street,Glasgow,bar
Bath St 6090175,Glasgow,bar
v6 towers v6 UK,Glasgow,bar
200 St Vincent Street,Glasgow,bar
RSA,Glasgow,bar
155 St Vincent Street,Glasgow,bar
Vinnie's,Glasgow,bar
Optical Express,Glasgow,bar
Gisoel,Glasgow,bar
Cushman & Wakefield,Glasgow,bar
The Beacon,Glasgow,bar
Law@Work,Glasgow,bar
Martha's,Glasgow,bar
The Living Room,Glasgow,bar
Remploy,Glasgow,bar
150 Saint Vincent Street,Glasgow,bar
Towergate Insurance,Glasgow,bar
The Living Room - Glasgow,bar
RBS Kirkstane House,Glasgow,bar
Carruthers Gemmill,Glasgow,bar
191 West George Street,Glasgow,bar
KPMG,Glasgow,bar
Sevenfive Creative,Glasgow,bar
Occuleye opticians,Glasgow,bar
Mclay McAlister & McGibbon,Glasgow,bar
Yes Scotland,Glasgow,bar
Mussel Inn,Glasgow,bar
Anatolia,Glasgow,bar
Glasgow,bar Airport Express 500 to Glasgow,bar Airport,Glasgow,bar
Le Bistro BEAUMARTIN,Glasgow,bar
Royal Bank of Scotland,Glasgow,bar
Greggs,Glasgow,bar
Glasgow,bar International School Of English Language,Glasgow,bar
Hudson,Glasgow,bar
Aon,Glasgow,bar
Discovery Jobs Ltd,Glasgow,bar
Pinsent Masons LLP - Social Media Week,Glasgow,bar
ogilvies Glasgow,bar
Boutique Lounge,Glasgow,bar
Natuzzi Glasgow,bar
McCrea Financial Services,Glasgow,bar
Park Inn By Radisson,Glasgow,bar
La Tasca,Glasgow,bar
Skyscanner Glasgow,bar
Moss Bros,Glasgow,bar
Cosmopol,Glasgow,bar
Regus,Glasgow,bar
West George Street,Glasgow,bar
Goerge Street Apartment ;p,Glasgow,bar
71 bus buchanan bus station- torrance,Glasgow,bar
Optical Express,Glasgow,bar
bank of scotland,Glasgow,bar
110 St Vincent Street,Glasgow,bar
Essensuals,Glasgow,bar
Airlink Busstop,Glasgow,bar
Endava,Glasgow,bar
Caledonian University Room C236,Glasgow,bar
Idox Office,Glasgow,bar
Ryden Lettings,Glasgow,bar
Frankienstiens,Glasgow,bar
EiTS Global - Glasgow,bar Office,Glasgow,bar
Tony Macaroni,Glasgow,bar
The Merchant,Glasgow,bar
Missoula,Glasgow,bar
Sarti,Glasgow,bar
Cafe Wander,Glasgow,bar
Reflex,Glasgow,bar
Renfield St Bus Stop @ W George St,Glasgow,bar
Toni & Guy,Glasgow,bar
Itelligence - Glasgow,bar
Spa In The City,Glasgow,bar
Mailboxes Etc,Glasgow,bar
VisionWare,Glasgow,bar
Lakota Bar/Reflex,Glasgow,bar
Brownn's,Glasgow,bar
CPL Office,Glasgow,bar
Work,Glasgow,bar
School,Glasgow,bar
Starbucks,Glasgow,bar
Wagamama,Glasgow,bar
Nippon Kitchen,Glasgow,bar
Pizza Hut,Glasgow,bar
Give Blood,Glasgow,bar
Hortons Bar & Kitchen,Glasgow,bar
Delta House,Glasgow,bar
Blooms,Glasgow,bar
Subway,Glasgow,bar
93 West George Street,Glasgow,bar
Nippon Center,Glasgow,bar
The Courtyard,Glasgow,bar
City Patio,Glasgow,bar
Panini's Sandwhich Bar,Glasgow,bar
Peckish,Glasgow,bar
norton's,Glasgow,bar
Calico,Glasgow,bar
Frankenstein,Glasgow,bar
Work,Glasgow,bar
Buchanan Street Subway Station,Glasgow,bar
Waxy O Connor's,Glasgow,bar
Chaophraya,Glasgow,bar
Forbidden Planet,Glasgow,bar
Urban Outfitters,Glasgow,bar
New Look,Glasgow,bar
Amarone,Glasgow,bar
Nelson Mandela Place,Glasgow,bar
The North Face,Glasgow,bar
Windows Restaurant at the Carlton George,Glasgow,bar
Camper,Glasgow,bar
Soletrader,Glasgow,bar
Pizza Crolla,Glasgow,bar
Palm Sugar Lounge Bar,Glasgow,bar
Virgin Media,Glasgow,bar
Fish And Chip,Glasgow,bar
Love Music Records,Glasgow,bar
Glasgow,bar Blood Donor Centre,Glasgow,bar
American Apparel,Glasgow,bar
St George's - Tron,Glasgow,bar
Math 204,Glasgow,bar
8 Nelson Mandela Place,Glasgow,bar
Chambre 69,Glasgow,bar
Argento,Glasgow,bar
Yeeha Internet Cafe,Glasgow,bar
Inner Circle Subway Line,Glasgow,bar
Tartan Plus,Glasgow,bar
Rooftop Terrace In The Sky,Glasgow,bar
MG Alba,Glasgow,bar
Groo,Glasgow,bar
Glasgow,bar cleaning agency,Glasgow,bar
Queen Street Low Level Station,Glasgow,bar
Caff Nero,Glasgow,bar
Carlton George Hotel,Glasgow,bar
Sainsburys Local,Glasgow,bar
Glasgow,bar Treatment Rooms,Glasgow,bar
Executive Lounge Carlton George Hotel,Glasgow,bar
The Dow's,Glasgow,bar
Bus Stop 609087,Glasgow,bar
Vale,Glasgow,bar
The Vale Bar,Glasgow,bar
X19 Stop 609086,Glasgow,bar
Platform 8,Glasgow,bar
McColl's,Glasgow,bar
SPT,Glasgow,bar
Laura Ashley,Glasgow,bar
Bus Stop 609088 in front of Queen St Station,Glasgow,bar
WHSmith,Glasgow,bar
Osteopath Glasgow,bar Daniel Gerber,Glasgow,bar
Trevor Chisman Professional Massage,Glasgow,bar
Executive Lounge,Glasgow,bar
Smile Beauty,Glasgow,bar
Home of Fashion Limited,Glasgow,bar
Glasgow,bar Queen Street Railway Station GLQ,Glasgow,bar
Camperdown Place Wetherspoon,Glasgow,bar
Millennium Hotel Glasgow,bar
Burger King,Glasgow,bar
Srid na Banrighinn,Glasgow,bar
Starbucks,Glasgow,bar
Costa Coffee,Glasgow,bar
Platform 7,Glasgow,bar
Platform 9,Glasgow,bar
Bonapartes,Glasgow,bar
George Square Bus Stop,Glasgow,bar
Platform 1,Glasgow,bar
WHSmith,Glasgow,bar
AMT Coffee,Glasgow,bar
Dens Of Hollywood Niteclub,Glasgow,bar
The Brasserie on George Square,Glasgow,bar
Upper Crust,Glasgow,bar
Mental Health Foundation,Glasgow,bar
Boots,Glasgow,bar
Glasgow,bar Queen Street GLQ to Gilshochill GSC Train,Glasgow,bar
Glasgow,bar Queen Street GLQ to Aberdeen ABD Train,Glasgow,bar
Glasgow,bar Queen Street GLQ to Inverness INV Train,Glasgow,bar
1425 To Anniesland Via Maryhill,Glasgow,bar
Glasgow,bar city halls,Glasgow,bar
The Coal Face,Glasgow,bar
Dentist Glasgow,bar City,Glasgow,bar
Glasgow,bar Aiport Express 500 To Buchanan Bus Station,Glasgow,bar
Fight Camp,Glasgow,bar
North Hanover Street,Glasgow,bar
Platform 13,Glasgow,bar
Glasgow,bar To Falkirk Grahamston Train,Glasgow,bar
12,Glasgow,bar
18:21 From GLQ to Oban Fort William And Mallaig,Glasgow,bar
The Ark,Glasgow,bar
Harlequins,Glasgow,bar
Glasgow,bar Registration Office,Glasgow,bar
Gallery Apartment Gym,Glasgow,bar
RBS George Square,Glasgow,bar
The Rio Club,Glasgow,bar
Go Group,Glasgow,bar
Bus Stop 6090121,Glasgow,bar
Student Union,Glasgow,bar
Strathclyde Uni Gym,Glasgow,bar
Gameszone,Glasgow,bar
University Centre,Glasgow,bar
Strathclyde Uni Chaplaincy,Glasgow,bar
Ark Cafe,Glasgow,bar
St Paul's Annexe,Glasgow,bar
Vertigo,Glasgow,bar
University Of Strathclyde Sports Union,Glasgow,bar
The Priory,Glasgow,bar
Ishiban,Glasgow,bar
Flava,Glasgow,bar
Clinic @ University of Strathclyde,Glasgow,bar
Starbucks,Glasgow,bar
The Scene,Glasgow,bar
Thomas Graham Building,Glasgow,bar
Barony Bar,Glasgow,bar
M212,Glasgow,bar
James Weir Building University of Strathclyde,Glasgow,bar
Rottenrow gardens,Glasgow,bar
Rottenrow,Glasgow,bar
Maternity Hospital Ruins,Glasgow,bar
M403,Glasgow,bar
Colville Building,Glasgow,bar
Java Cafe,Glasgow,bar
Architecture Building University of Strathclyde,Glasgow,bar
the factory,Glasgow,bar
new and improved spot with no psychos yet,Glasgow,bar
Wolfson Building University Of Strathclye,Glasgow,bar
John Anderson Building,Glasgow,bar
Department of Naval Architecture & Marine Engineering,Glasgow,bar
Home,Glasgow,bar
Katrina's Flat,Glasgow,bar
thomas campbell court,Glasgow,bar
Bluebird Cafe,Glasgow,bar
Lord Todd Diner,Glasgow,bar
Forbes Hall,Glasgow,bar
Chancellors Hall,Glasgow,bar
Todd's Bar,Glasgow,bar
James Goold Hall University Of Strathclyde,Glasgow,bar
Murray Hall,Glasgow,bar
Rottenrow East,Glasgow,bar
Provand's Lordship,Glasgow,bar
Provand's Lordship,Glasgow,bar
TARDIS,Glasgow,bar
Cathedral House Pub,Glasgow,bar
Cathedral House Hotel,Glasgow,bar
riverside museum,Glasgow,bar
Glasgow,bar Necropolis,Glasgow,bar
Virgin Active Gym,Glasgow,bar
The Shitter,Glasgow,bar
Business Cost Consultants,Glasgow,bar
Staples,Glasgow,bar
Currys PC World,Glasgow,bar
First Bus - 100,Glasgow,bar
Vintage Tea Room,Glasgow,bar
McDonald's,Glasgow,bar
Fanny Trollopes,Glasgow,bar
Bannisters,Glasgow,bar
Anderston,Glasgow,bar
Priceless Computing,Glasgow,bar
Macdonalds Solicitors,Glasgow,bar
Mac's Snacks,Glasgow,bar
Dragon inn,Glasgow,bar
Powerhouse Fitness Argyle St,Glasgow,bar
CC&T - Coffee Chocolate and Tea,Glasgow,bar
Anderston Police Station,Glasgow,bar
Minerva Court,Glasgow,bar
BKK,Glasgow,bar
Argyle Locksmiths,Glasgow,bar
Macdonners,Glasgow,bar
Cranstonhill Police Office,Glasgow,bar
One O One,Glasgow,bar
Berry Bar,Glasgow,bar
Unitarian Church,Glasgow,bar
Riccardos,Glasgow,bar
Barco,Glasgow,bar
Silver Scissors,Glasgow,bar
TYLAS TAKEAWAY,Glasgow,bar
LG Pharmacy,Glasgow,bar
Work,Glasgow,bar
Kelvinhaugh Primary School,Glasgow,bar
The Grey Tower,Glasgow,bar
Alha's,Glasgow,bar
388 St Vincent St,Glasgow,bar
Cleveland Street,Glasgow,bar
Home JDR,Glasgow,bar
North Street,Glasgow,bar
William Street Clinic,Glasgow,bar
Dalian House NHS GG&C,Glasgow,bar
Casa De Matheson Mooney,Glasgow,bar
Adams flat,Glasgow,bar
West Coast Harley Davidson,Glasgow,bar
Bus Stop 609081,Glasgow,bar
Dalmore House,Glasgow,bar
White & Mackay,Glasgow,bar
9 Bus,Glasgow,bar
Nye Bevan House,Glasgow,bar
Biggart Baillie,Glasgow,bar
Quaker Meeting House,Glasgow,bar
Whyte & Mackay,Glasgow,bar
Santander,Glasgow,bar
St Columba Gaelic Church,Glasgow,bar
Rathbone,Glasgow,bar
Capita,Glasgow,bar
SPS Doorguard,Glasgow,bar
New Offices,Glasgow,bar
Royal Bank of Scotland,Glasgow,bar
Conscia,Glasgow,bar
Weeworld,Glasgow,bar
Kenzie's,Glasgow,bar
Angelos,Glasgow,bar
McCarte & Swan Dental Practice,Glasgow,bar
NatWest,Glasgow,bar
Scottish Friendly,Glasgow,bar
Creative Scotland,Glasgow,bar
National Westminster Bank,Glasgow,bar
Hiscox Insurance Company - Glasgow,bar
Channel 4,Glasgow,bar
Mimtech,Glasgow,bar
DLA Piper,Glasgow,bar
Adam and Company Glasgow,bar Office,Glasgow,bar
SFA Work,Glasgow,bar
gamba,Glasgow,bar
Get Stuffed,Glasgow,bar
The Golf Lounge,Glasgow,bar
Sippa Coffee,Glasgow,bar
The Golf Lounge,Glasgow,bar
Hislop Notaries,Glasgow,bar
metadigital,Glasgow,bar
GVR Hairdressing,Glasgow,bar
Smarts,Glasgow,bar
Samaritans,Glasgow,bar
News Box,Glasgow,bar
The Artist,Glasgow,bar
Le Chardon D'or,Glasgow,bar
Gallery In The City,Glasgow,bar
Shepherd & Wedderburn,Glasgow,bar
Papillon Hair Boutique,Glasgow,bar
DJMPHQ,Glasgow,bar
Search Total Recruitment Solution,Glasgow,bar
ewan mundy fine art,Glasgow,bar
TSB Bank,Glasgow,bar
GVR,Glasgow,bar
The Pot Still,Glasgow,bar
Opium,Glasgow,bar
Verona,Glasgow,bar
NYC BAR,Glasgow,bar
RCN West Of Scotland Office 177 West George Street Glasgow,bar
Royal College Of Nursing 177 West George Street Glasgow,bar
Pulcinella,Glasgow,bar
Swing,Glasgow,bar
Beatha,Glasgow,bar
Crepe a Croissant,Glasgow,bar
Make Do,Glasgow,bar
West Regent Clinic,Glasgow,bar
City Dry Cleaners,Glasgow,bar
City Sandwich,Glasgow,bar
First Glasgow,bar No 54,Glasgow,bar
festival house,Glasgow,bar
Glasgow,bar Chiropractic,Glasgow,bar
Cole Advertising and Design,Glasgow,bar
R F News,Glasgow,bar
Scotalia,Glasgow,bar
Esc-Games,Glasgow,bar
Redpath & Bruce,Glasgow,bar
Office,Glasgow,bar
Lloyds TSB Commercial Finance,Glasgow,bar
Candy Bar,Glasgow,bar
Emirates Customer Office,Glasgow,bar
Work,Glasgow,bar
Tods Murray Solicitors,Glasgow,bar
midland valley exploration hq,Glasgow,bar
Brightfire Inbound Marketing,Glasgow,bar
Fitbody Bootcamp,Glasgow,bar
Tasty Byte,Glasgow,bar
Foresight Portfolio Management,Glasgow,bar
Burger Meats Bun,Glasgow,bar
The Society Room Lloyd's No 1 Bar,Glasgow,bar
Blue Dog,Glasgow,bar
Bamboo,Glasgow,bar
Amber Regent,Glasgow,bar
The Regent,Glasgow,bar
Assams Indian Restaurant,Glasgow,bar
12 Bus,Glasgow,bar
40 Bus Glasgow,bar
Creedence,Glasgow,bar
NHS Health Scotland,Glasgow,bar
scottish police services authoritu,Glasgow,bar
BetaSoft Ltd,Glasgow,bar
SPSA,Glasgow,bar
Optical Express,Glasgow,bar
Crep,Glasgow,bar
Place De Brennan,Glasgow,bar
Metaforic Office,Glasgow,bar
Cup Tea Lounge,Glasgow,bar
The Maltman,Glasgow,bar
Revolution,Glasgow,bar
Drummonds,Glasgow,bar
Kings,Glasgow,bar
Renfield Street,Glasgow,bar
Kaplan Financial,Glasgow,bar
William hill,Glasgow,bar
The Bistro,Glasgow,bar
Bus Stop 609022,Glasgow,bar
Churchill Opticians,Glasgow,bar
UK Theatre School,Glasgow,bar
Speirs Jeffrey,Glasgow,bar
7 Spices Takeaway,Glasgow,bar
My Flat,Glasgow,bar
potters,Glasgow,bar
Max Serviced Apartments,Glasgow,bar
City Sightseeing Glasgow,bar
Nile Barbers,Glasgow,bar
The Asmaan,Glasgow,bar
Max Apartments,Glasgow,bar
Vroni's,Glasgow,bar
The Comedian Tattoo,Glasgow,bar
Active Wealth Management,Glasgow,bar
2 West Regent St,Glasgow,bar
I2 Office Glasgow,bar
CreditFix,Glasgow,bar
Bus stop No6090181,Glasgow,bar
Right Management,Glasgow,bar
Forever 21,Glasgow,bar
Paperchase,Glasgow,bar
Tinderbox,Glasgow,bar
Next,Glasgow,bar
Costa Coffee,Glasgow,bar
H&M,Glasgow,bar
Visit Scotland Tourist Office,Glasgow,bar
Fuel Juice Bars,Glasgow,bar
H&M,Glasgow,bar
Buchanan Quarter,Glasgow,bar
Scribbler,Glasgow,bar
Glaskow,Glasgow,bar
Vans,Glasgow,bar
Skechers,Glasgow,bar
Mr Pretzel,Glasgow,bar
Lacoste,Glasgow,bar
Fat Face,Glasgow,bar
Office,Glasgow,bar
Greggs,Glasgow,bar
Joy,Glasgow,bar
E-Lites Stall,Glasgow,bar
Bare Escentuals Boutique,Glasgow,bar
Business Gateway,Glasgow,bar
The Buchanan Hotel,Glasgow,bar
Cafe D'Jaconelli,Glasgow,bar
Townhouse,Glasgow,bar
Expotel Glasgow,bar
The Streat,Glasgow,bar
Pret,Glasgow,bar
gallery bar,Glasgow,bar
Scoopalicious,Glasgow,bar
Snax In The city,Glasgow,bar
Caprese,Glasgow,bar
Buchanan Babes Cottage,Glasgow,bar
Boots,Glasgow,bar
Burger King,Glasgow,bar
Millie's Cookies,Glasgow,bar
Glasgow,bar To Edinburgh Train,Glasgow,bar
Truva Barbers,Glasgow,bar
Cafe Select,Glasgow,bar
The Whisky Shop,Glasgow,bar
Lipsy,Glasgow,bar
Maia,Glasgow,bar
Timeless Tattoo,Glasgow,bar
chinachina,Glasgow,bar
MANGO,Glasgow,bar
LOVEmusic,Glasgow,bar
Love Music,Glasgow,bar
Swatch,Glasgow,bar
fuel,Glasgow,bar
Yankee Scotland,Glasgow,bar
Tiger,Glasgow,bar
Adventure 1,Glasgow,bar
I-zone Buchanan Galleries,Glasgow,bar
Ernest Jones,Glasgow,bar
Howards Storage World,Glasgow,bar
The Attic,Glasgow,bar
Oil and Vinegar,Glasgow,bar
Miss Bubblicious,Glasgow,bar
Cafe Pera,Glasgow,bar
Clinique Counter,Glasgow,bar
Geek Squad,Glasgow,bar
Godiva,Glasgow,bar
Platform 6,Glasgow,bar
Platform 2,Glasgow,bar
Platform 3,Glasgow,bar
Glasgow,bar Queen Street GLQ to Edinburgh EDB Train,Glasgow,bar
Platform 4,Glasgow,bar
Platform 5,Glasgow,bar
Glasgow,bar To Cumbernauld Train,Glasgow,bar
Glasgow,bar Queen Street GLQ To Cumbernauld CMO Train,Glasgow,bar
Glasgow,bar Queen Street GLQ to Oban OBN Train,Glasgow,bar
Best Kebab,Glasgow,bar
Mount Florida Railway Station MFL,Glasgow,bar
Glasgow,bar Queen Street GLQ to Falkirk Grahamston FKG Train,Glasgow,bar
Scottish Technology Showcase,Glasgow,bar
0945 To Edinburgh,Glasgow,bar
The Penguincubator - Glasgow,bar Queen Street,Glasgow,bar
Funeral Directors In Glasgow,bar
0918 Train To Alloa,Glasgow,bar
City of Glasgow,bar College - Hanover St,Glasgow,bar
City of Glasgow,bar College Library,Glasgow,bar
Cafe Met 6th Floor,Glasgow,bar
URC Synod of Scotland,Glasgow,bar
X11,Glasgow,bar
City of Glasgow,bar College - Charles Oakley,Glasgow,bar
Centre for Sport and Recreation,Glasgow,bar
The Duck's lair,Glasgow,bar
4th Floor COB City of Glasgow,bar College,Glasgow,bar
Glasgow,bar City Chamber,Glasgow,bar
SUCC Land,Glasgow,bar
Dakhin - Glasgow,bar
Dakhin - Glasgow,bar
Dakhin - Glasgow,bar
City Of Glasgow,bar College - Townhead,Glasgow,bar
Poundstretcher Extra,Glasgow,bar
Activ Tailored Fitness,Glasgow,bar
Strathclyde Hazardous Waste Store,Glasgow,bar
Roche Lab,Glasgow,bar
M10X Computer Labs,Glasgow,bar
Glasgow,bar
On 57A,Glasgow,bar
Cathedral Street,Glasgow,bar
,Glasgow,bar
Henry Dyer Building,Glasgow,bar
X5 to Abronhill,Glasgow,bar
Duke Wynd Nursery,Glasgow,bar
University of Strathclyde Marketing Department: Stenhouse Building,Glasgow,bar
Strathclyde Business School,Glasgow,bar
Stenhouse Building,Glasgow,bar
Department of Economics,Glasgow,bar
Lord Hope Building,Glasgow,bar
Language Centre,Glasgow,bar
Cathedral Street Campus,Glasgow,bar
University Of Strathclyde Accounting And Finance Departmemt,Glasgow,bar
Ian Kelly Lecture Theatre,Glasgow,bar
Castle street,Glasgow,bar
John Arbuthnott Building SIPBS,Glasgow,bar
Hamnett Wing,Glasgow,bar
Orbit Caf,Glasgow,bar
Curran Building,Glasgow,bar
Starbucks Strathclyde University Library,Glasgow,bar
John Smith & Son,Glasgow,bar
Robertson Wing SIBPS,Glasgow,bar
Al's Diner,Glasgow,bar
Birkbeck Court,Glasgow,bar
Starbucks,Glasgow,bar
Lord Todd Building University of Strathclyde,Glasgow,bar
Birkbeck Court 7C3,Glasgow,bar
Postable Limited,Glasgow,bar
Clydesdale Bank,Glasgow,bar
Townhead Health Center,Glasgow,bar
Destiny Church Glasgow,bar City Campus,Glasgow,bar
Team Adventures,Glasgow,bar
BB Hall,Glasgow,bar
Lister Building,Glasgow,bar
St Mungo Museum of Religious Life & Art,Glasgow,bar
Aroma Coffee Bar,Glasgow,bar
University Of Strathclyde Boat House,Glasgow,bar
GRI Orthopaedics Clinic,Glasgow,bar
GRI Gatehouse Fracture Clinic,Glasgow,bar
Glasgow,bar Cathedral,Glasgow,bar
My Gaff,Glasgow,bar
Mrs Lovats Pie Emporium,Glasgow,bar
Emergency Department Glasgow,bar Royal Infirmary,Glasgow,bar
103 Bell Street,Glasgow,bar
Intellis,Glasgow,bar
Finnieston,Glasgow,bar
The Hidden Lane,Glasgow,bar
Level Up,Glasgow,bar
UWS Library,Glasgow,bar
Inner Ear,Glasgow,bar
Secret Salon,Glasgow,bar
Hidden Lane,Glasgow,bar
Sandyford surgery,Glasgow,bar
open ear music,Glasgow,bar
Spot Specific,Glasgow,bar
JAM Architects & Urban Designers,Glasgow,bar
Spread,Glasgow,bar
David Stow Building University of Strathclyde,Glasgow,bar
RockUs,Glasgow,bar
Tesco Express,Glasgow,bar
Cafe Wander,Glasgow,bar
@legingermac 's Pad,Glasgow,bar
Julie's,Glasgow,bar
The Brass Monkey,Glasgow,bar
Lebowskis,Glasgow,bar
Soul Barber Room,Glasgow,bar
Custom Inc Tattoo Studio,Glasgow,bar
1036 hairdressing,Glasgow,bar
Kate's Sandwitch Bar,Glasgow,bar
Custom Ink,Glasgow,bar
PC Problems,Glasgow,bar
Kotrynas&Alexs Place,Glasgow,bar
Fearsomengine,Glasgow,bar
Pete's,Glasgow,bar
Glasgow,bar Ruh ve Sinir Hastaliklari Ozel Klinigi,Glasgow,bar
Kelvin Grove,Glasgow,bar
Banisters,Glasgow,bar
Addams Design,Glasgow,bar
My Flat 7 Bentinck Street,Glasgow,bar
My Flat,Glasgow,bar